Date, Open, High, Low, Close, Volume
05/27/26, 81.10, 82.51, 80.80, 81.62, 13212860
05/26/26, 80.84, 81.60, 80.24, 80.46, 13012310
05/22/26, 81.18, 81.675, 80.92, 81.48, 8244441
05/21/26, 81.79, 81.8007, 80.72, 81.17, 15708430
05/20/26, 82.17, 82.40, 81.52, 81.55, 16999670
05/19/26, 81.405, 82.6635, 81.26, 81.92, 16595250
05/18/26, 80.87, 81.385, 80.39, 81.20, 12375520
05/15/26, 81.36, 81.36, 80.45, 80.82, 17527199
05/14/26, 80.73, 80.92, 79.91, 80.45, 10641990
05/13/26, 79.865, 81.03, 79.84, 80.26, 12356950
05/12/26, 79.00, 80.32, 78.28, 80.03, 19883100
05/11/26, 78.16, 78.73, 77.8423, 78.66, 10967890
05/08/26, 78.565, 79.20, 78.115, 78.42, 12447170
05/07/26, 78.79, 79.145, 78.095, 78.43, 16531420
05/06/26, 78.78, 79.33, 78.565, 79.23, 14060320
05/05/26, 78.19, 78.78, 77.74, 78.48, 11637540
05/04/26, 78.06, 78.77, 77.73, 78.19, 12672440
05/01/26, 79.29, 79.64, 78.035, 78.58, 12610370
04/30/26, 78.795, 79.12, 78.325, 78.76, 15142170
04/29/26, 78.37, 79.275, 78.19, 78.87, 18294750
04/28/26, 79.52, 80.32, 78.075, 78.35, 30710680
04/27/26, 76.71, 76.71, 75.40, 75.44, 15812210
04/24/26, 76.71, 77.005, 76.17, 76.63, 12008680
04/23/26, 75.44, 76.66, 75.16, 76.28, 12060270
04/22/26, 74.90, 75.38, 74.55, 74.63, 9352264
04/21/26, 75.475, 75.53, 74.615, 74.70, 11806940
04/20/26, 75.82, 76.22, 75.36, 75.48, 10141760
04/17/26, 74.95, 76.055, 74.80, 75.74, 15033870
04/16/26, 75.03, 75.835, 74.90, 75.18, 11501940
04/15/26, 75.74, 75.74, 74.72, 75.31, 16212100
04/14/26, 75.97, 76.62, 75.80, 75.90, 12397630
04/13/26, 77.32, 77.45, 75.825, 76.41, 12696170
04/10/26, 77.98, 78.17, 77.305, 77.47, 11081410
04/09/26, 76.65, 78.29, 76.37, 78.18, 14310990
04/08/26, 75.81, 77.37, 75.315, 77.29, 12331300
04/07/26, 77.20, 77.595, 75.625, 75.91, 12769170
04/06/26, 76.64, 77.275, 76.2218, 77.22, 8259893
04/02/26, 76.58, 76.958, 76.12, 76.72, 14573420
04/01/26, 76.15, 76.36, 75.26, 76.08, 15834260
03/31/26, 76.53, 77.015, 75.505, 76.05, 18301811
03/30/26, 75.93, 76.995, 75.72, 76.27, 18502820
03/27/26, 74.82, 76.05, 74.70, 75.71, 17461029
03/26/26, 75.19, 75.745, 74.65, 74.69, 11202130
03/25/26, 74.59, 75.645, 74.07, 75.25, 14787910
03/24/26, 74.86, 75.685, 74.63, 74.67, 15653730
03/23/26, 75.34, 75.4471, 74.55, 75.11, 15054920
03/20/26, 75.565, 76.05, 74.39, 74.75, 33298719
03/19/26, 76.00, 76.45, 75.525, 75.55, 13023340
03/18/26, 77.08, 77.125, 75.85, 75.97, 13134640
03/17/26, 78.00, 78.30, 77.451, 77.58, 14900070
03/16/26, 78.00, 78.43, 77.74, 77.82, 11761240
03/13/26, 77.47, 78.045, 77.19, 77.34, 11974500
03/12/26, 77.42, 78.16, 76.895, 77.61, 16842180
03/11/26, 77.71, 77.71, 76.595, 77.63, 11551200
03/10/26, 77.475, 78.405, 77.10, 77.88, 17243869
03/09/26, 76.62, 78.07, 76.53, 77.80, 18554051
03/06/26, 76.80, 77.19, 76.35, 77.04, 15516030
03/05/26, 77.675, 77.72, 76.495, 77.03, 23165650
03/04/26, 79.29, 79.47, 77.75, 78.10, 21011850
03/03/26, 79.86, 80.08, 78.555, 79.34, 20549270
03/02/26, 81.25, 81.40, 80.15, 80.22, 18137230
02/27/26, 80.94, 82.00, 80.82, 81.56, 28483490
02/26/26, 80.75, 80.89, 80.021, 80.50, 12843190
02/25/26, 80.40, 80.69, 79.555, 80.47, 18086881
02/24/26, 80.54, 81.09, 79.85, 80.72, 16448500
02/23/26, 79.52, 80.845, 79.50, 80.56, 17157670
02/20/26, 79.33, 79.84, 78.89, 79.84, 17175100
02/19/26, 79.46, 79.6712, 78.59, 78.91, 14924650
02/18/26, 79.50, 79.84, 78.9232, 79.49, 16304880
02/17/26, 78.99, 79.635, 78.74, 79.56, 16260200
02/13/26, 78.45, 79.40, 78.13, 78.68, 16711869
02/12/26, 78.98, 80.41, 78.79, 79.00, 26043529
02/11/26, 76.88, 79.05, 76.58, 78.60, 22649711
02/10/26, 76.63, 77.51, 76.01, 76.81, 28848180
02/09/26, 78.67, 79.11, 77.535, 77.97, 23415619
02/06/26, 78.50, 79.20, 78.26, 79.03, 18512359
02/05/26, 77.82, 78.855, 77.59, 78.51, 21633461
02/04/26, 77.265, 78.105, 77.08, 77.35, 28607289
02/03/26, 75.27, 77.50, 75.13, 76.89, 27007051
02/02/26, 75.01, 75.695, 74.40, 75.33, 19301500
01/30/26, 73.71, 74.895, 73.54, 74.81, 26420471
01/29/26, 73.18, 74.085, 73.14, 73.43, 20862070
01/28/26, 73.21, 73.62, 72.565, 73.06, 14633680
01/27/26, 72.44, 73.5551, 72.268, 73.55, 13239180
01/26/26, 72.86, 73.295, 72.54, 72.56, 14017420
01/23/26, 72.015, 73.06, 71.775, 72.88, 18307080
01/22/26, 71.825, 72.04, 71.44, 71.87, 13962780
01/21/26, 71.98, 72.24, 70.83, 72.01, 21660570
01/20/26, 70.00, 71.78, 69.79, 71.75, 22152211
01/16/26, 70.29, 70.74, 70.04, 70.44, 20027539
01/15/26, 71.59, 71.60, 70.365, 70.48, 15464120
01/14/26, 71.17, 71.71, 70.81, 71.44, 16739070
01/13/26, 70.42, 71.24, 70.27, 71.24, 18324760
01/12/26, 70.895, 70.965, 70.235, 70.50, 20582471
01/09/26, 69.43, 70.66, 69.12, 70.51, 19638650
01/08/26, 67.54, 69.455, 67.45, 69.37, 19236980
01/07/26, 67.99, 68.07, 67.274, 67.54, 20223359
01/06/26, 68.01, 68.25, 67.59, 67.84, 21019859
01/05/26, 68.92, 68.92, 67.92, 67.94, 21186641
01/02/26, 69.85, 69.87, 68.975, 69.12, 12151310
12/31/25, 70.07, 70.16, 69.8801, 69.91, 8127801
12/30/25, 70.00, 70.235, 69.80, 70.07, 8610896
12/29/25, 70.00, 70.42, 69.85, 70.16, 9686936
12/26/25, 69.95, 70.16, 69.725, 69.87, 5711350
12/24/25, 69.895, 70.16, 69.75, 70.11, 4515327
12/23/25, 70.20, 70.255, 69.69, 69.87, 9471036
12/22/25, 69.93, 70.22, 69.655, 70.21, 12828520
12/19/25, 70.06, 70.765, 70.03, 70.06, 36911059
12/18/25, 70.27, 70.795, 70.17, 70.36, 15524800
12/17/25, 70.57, 70.92, 70.305, 70.67, 13672700
12/16/25, 71.30, 71.30, 70.32, 70.37, 17370020
12/15/25, 70.43, 71.315, 70.32, 70.97, 18660051
12/12/25, 69.11, 70.6199, 69.04, 70.52, 18444510
12/11/25, 70.55, 70.69, 68.79, 69.11, 23124160
12/10/25, 70.39, 70.53, 69.78, 70.21, 29789359
12/09/25, 70.37, 70.625, 69.83, 70.09, 13010620
12/08/25, 69.84, 70.38, 69.49, 70.25, 17775100
12/05/25, 70.315, 70.71, 69.8735, 70.00, 13978240
12/04/25, 70.83, 71.34, 70.3701, 70.45, 17710029
12/03/25, 70.88, 71.40, 70.61, 70.81, 17001670
12/02/25, 71.80, 71.80, 70.43, 70.67, 19871301
12/01/25, 72.60, 72.905, 71.93, 71.95, 14362100
11/28/25, 73.00, 73.23, 72.76, 73.12, 7422430
11/26/25, 72.60, 73.085, 72.39, 72.88, 11795060
11/25/25, 72.795, 72.925, 72.1395, 72.61, 17451160
11/24/25, 73.16, 73.16, 71.57, 72.59, 39818551
11/21/25, 71.68, 73.19, 71.485, 72.95, 26492529
11/20/25, 70.95, 71.48, 70.61, 71.21, 15396540
11/19/25, 71.20, 71.445, 70.8143, 71.11, 12401530
11/18/25, 70.99, 71.34, 70.57, 71.22, 12838920
11/17/25, 71.20, 71.525, 70.62, 70.68, 14772290
11/14/25, 71.405, 71.64, 70.60, 71.16, 13172020
11/13/25, 71.415, 71.6675, 71.00, 71.07, 14002820
11/12/25, 71.49, 71.89, 71.34, 71.51, 13612610
11/11/25, 70.98, 71.75, 70.66, 71.61, 16160210
11/10/25, 70.01, 70.66, 69.44, 70.52, 15317990
11/07/25, 69.81, 70.87, 69.41, 70.55, 25108311
11/06/25, 68.30, 69.135, 67.92, 69.06, 15906650
11/05/25, 68.66, 68.83, 68.175, 68.51, 12850130
11/04/25, 68.47, 68.73, 68.16, 68.66, 12743780
11/03/25, 68.80, 68.89, 67.66, 67.97, 15660350
10/31/25, 68.545, 69.07, 67.9001, 68.90, 16742680
10/30/25, 68.45, 69.29, 68.3872, 68.98, 14751740
10/29/25, 69.92, 70.03, 68.155, 68.35, 19789609
10/28/25, 70.045, 70.90, 69.95, 70.16, 12730490
10/27/25, 69.78, 70.115, 69.25, 70.06, 13800050
10/24/25, 69.91, 70.05, 69.645, 69.71, 15688200
10/23/25, 70.81, 70.9287, 69.72, 69.94, 13989410
10/22/25, 71.36, 71.615, 70.51, 70.81, 18292949
10/21/25, 70.565, 71.39, 70.23, 71.22, 33651301
10/20/25, 68.425, 68.64, 67.92, 68.44, 17786779
10/17/25, 68.00, 68.495, 67.80, 68.44, 15541770
10/16/25, 67.175, 68.105, 67.16, 67.59, 15707230
10/15/25, 67.265, 67.72, 66.92, 67.08, 11193720
10/14/25, 66.87, 67.57, 66.745, 67.51, 14245560
10/13/25, 66.23, 66.80, 66.00, 66.80, 13690030
10/10/25, 66.52, 67.395, 66.375, 67.04, 17991740
10/09/25, 66.29, 66.80, 66.12, 66.37, 12705190
10/08/25, 66.665, 66.87, 66.06, 66.12, 12606680
10/07/25, 66.225, 67.26, 65.87, 66.79, 13328270
10/06/25, 66.49, 66.50, 65.84, 66.10, 14333320
10/03/25, 66.10, 66.985, 66.04, 66.65, 12249240
10/02/25, 66.525, 66.65, 65.86, 66.10, 14350720
10/01/25, 66.505, 66.83, 66.29, 66.78, 14877540
09/30/25, 66.07, 66.64, 65.9601, 66.32, 13814990
09/29/25, 65.67, 66.10, 65.3538, 66.04, 14818530
09/26/25, 66.07, 66.335, 65.50, 65.67, 17821570
09/25/25, 66.75, 66.92, 65.95, 65.98, 14395010
09/24/25, 66.405, 66.78, 65.96, 66.45, 14759290
09/23/25, 66.35, 66.76, 65.90, 66.71, 15072790
09/22/25, 66.16, 66.59, 66.08, 66.21, 13298740
09/19/25, 66.49, 66.73, 66.045, 66.43, 31192850
09/18/25, 66.80, 67.035, 66.35, 66.46, 17722920
09/17/25, 66.405, 67.13, 66.405, 67.04, 17372330
09/16/25, 66.35, 66.51, 66.055, 66.24, 18555910
09/15/25, 66.68, 66.78, 66.10, 66.21, 15986130
09/12/25, 67.60, 67.715, 66.935, 67.01, 18712350
09/11/25, 67.92, 68.165, 67.58, 67.62, 15128730
09/10/25, 67.79, 68.0854, 67.21, 67.82, 16041930
09/09/25, 67.28, 68.105, 67.28, 67.86, 14120570
09/08/25, 67.855, 67.88, 67.16, 67.43, 21671750
09/05/25, 68.01, 68.58, 67.87, 67.96, 23978000
09/04/25, 69.11, 69.46, 68.115, 68.25, 16736010
09/03/25, 68.66, 69.095, 67.37, 68.99, 33581488
09/02/25, 68.96, 69.34, 68.255, 69.06, 24770070
08/29/25, 68.67, 69.14, 68.425, 68.99, 14601090
08/28/25, 68.88, 68.90, 68.28, 68.36, 16209870
08/27/25, 68.82, 68.87, 68.465, 68.83, 11562740
08/26/25, 69.04, 69.08, 68.575, 68.73, 17964230
08/25/25, 70.11, 70.23, 68.715, 68.93, 13634560
08/22/25, 70.96, 71.02, 69.92, 70.13, 12999610
08/21/25, 70.60, 70.905, 70.33, 70.66, 8840427
08/20/25, 70.74, 71.705, 70.405, 70.70, 17530850
08/19/25, 69.30, 70.22, 69.24, 70.13, 13862210
08/18/25, 69.98, 70.05, 69.05, 69.13, 14094880
08/15/25, 69.74, 70.385, 69.57, 69.92, 12381110
08/14/25, 70.38, 70.46, 69.39, 69.55, 10722370
08/13/25, 70.69, 70.77, 70.23, 70.46, 10356520
08/12/25, 70.815, 71.06, 70.22, 70.71, 11065040
08/11/25, 70.30, 70.86, 69.96, 70.75, 10909370
08/08/25, 70.365, 70.871, 70.08, 70.34, 9232651
08/07/25, 69.46, 70.715, 69.33, 70.43, 15790800
08/06/25, 69.12, 69.80, 68.63, 69.51, 10782980
08/05/25, 68.90, 69.485, 68.75, 69.05, 11993390
08/04/25, 68.715, 69.085, 68.31, 68.96, 10701530
08/01/25, 68.595, 69.04, 68.27, 68.86, 16107510
07/31/25, 68.15, 68.65, 67.74, 67.89, 17193420
07/30/25, 69.11, 69.33, 68.525, 68.75, 10448180
07/29/25, 68.34, 69.42, 68.15, 69.38, 16223380
07/28/25, 68.74, 68.90, 68.06, 68.09, 13668800
07/25/25, 69.13, 69.23, 68.75, 69.17, 12574820
07/24/25, 69.255, 69.55, 68.99, 69.10, 12511370
07/23/25, 69.66, 69.74, 68.60, 69.16, 21029990
07/22/25, 69.45, 70.2592, 68.69, 69.66, 22339881
07/21/25, 70.195, 70.62, 69.93, 70.07, 17811721
07/18/25, 70.445, 70.70, 69.835, 69.85, 14927950
07/17/25, 69.81, 70.685, 69.51, 70.59, 20464660
07/16/25, 69.35, 69.50, 68.79, 69.27, 13178290
07/15/25, 69.51, 69.55, 69.15, 69.36, 12639810
07/14/25, 69.80, 70.08, 69.2719, 69.47, 13983250
07/11/25, 69.565, 70.155, 69.25, 69.87, 12916670
07/10/25, 69.29, 69.845, 69.16, 69.77, 14615050
07/09/25, 70.16, 70.25, 68.97, 69.48, 33704121
07/08/25, 70.68, 70.68, 69.88, 70.24, 17115520
07/07/25, 71.37, 71.37, 70.80, 71.01, 16984680
07/03/25, 71.04, 71.395, 70.45, 71.35, 9440457
07/02/25, 71.69, 71.825, 70.735, 70.91, 13050240
07/01/25, 70.99, 72.45, 70.90, 71.67, 21729279
06/30/25, 70.125, 70.79, 70.09, 70.75, 15428970
06/27/25, 69.59, 70.56, 69.47, 70.33, 23470689
06/26/25, 69.70, 69.92, 69.145, 69.47, 14454090
06/25/25, 69.925, 70.02, 69.43, 69.63, 12540370
06/24/25, 69.945, 70.35, 69.685, 70.21, 15216080
06/23/25, 69.14, 69.81, 68.97, 69.74, 21822770
06/20/25, 69.09, 69.5554, 68.78, 68.84, 40859434
06/18/25, 70.00, 70.00, 69.09, 69.21, 16227580
06/17/25, 70.38, 70.46, 69.58, 69.62, 15437030
06/16/25, 71.20, 71.62, 70.24, 70.52, 15045880
06/13/25, 71.77, 71.88, 70.73, 71.02, 17467160
06/12/25, 72.25, 72.3999, 71.60, 72.24, 12806910
06/11/25, 72.265, 72.36, 71.76, 72.07, 12718510
06/10/25, 71.90, 72.685, 71.76, 72.35, 12264970
06/09/25, 71.35, 71.83, 71.09, 71.77, 12281340
06/06/25, 71.085, 71.48, 70.9448, 71.35, 9524036
06/05/25, 71.38, 71.455, 70.835, 70.91, 13535620
06/04/25, 71.26, 71.845, 70.68, 71.37, 13565890
06/03/25, 71.71, 71.78, 70.475, 71.16, 20139770
06/02/25, 72.025, 72.04, 71.36, 72.00, 10202740
05/30/25, 71.605, 72.47, 71.605, 72.10, 28019551
05/29/25, 71.00, 71.66, 70.46, 71.49, 10294100
05/28/25, 71.70, 71.90, 71.05, 71.15, 8710896
05/27/25, 71.74, 72.22, 71.56, 71.78, 10666100
05/23/25, 71.54, 71.98, 70.685, 71.77, 12822150
05/22/25, 71.84, 71.985, 70.96, 71.14, 11101800
05/21/25, 71.69, 72.08, 71.585, 71.85, 12094420
05/20/25, 71.80, 72.13, 71.43, 71.69, 12137800
05/19/25, 72.03, 72.17, 71.64, 71.93, 13282780
05/16/25, 71.86, 72.26, 71.43, 72.00, 18441199
05/15/25, 69.70, 71.73, 69.60, 71.61, 19817100
05/14/25, 68.88, 69.34, 68.58, 69.16, 16286800
05/13/25, 69.59, 69.69, 68.87, 68.96, 14389050
05/12/25, 70.145, 70.33, 68.70, 69.53, 21539010
05/09/25, 70.99, 71.15, 70.46, 70.52, 11228950
05/08/25, 72.20, 72.47, 71.13, 71.17, 14371060
05/07/25, 71.72, 72.685, 71.67, 72.40, 15025790
05/06/25, 71.675, 71.90, 71.16, 71.72, 12705480
05/05/25, 71.67, 71.80, 71.01, 71.70, 11932690
05/02/25, 71.50, 71.815, 71.095, 71.65, 12629590
05/01/25, 72.00, 72.04, 71.23, 71.29, 18034160
04/30/25, 73.35, 73.48, 71.685, 72.55, 21074650
04/29/25, 71.19, 72.71, 70.28, 72.35, 16244060
04/28/25, 72.075, 72.26, 71.31, 71.79, 15997500
04/25/25, 72.65, 72.92, 71.125, 71.91, 16315980
04/24/25, 73.02, 73.425, 72.30, 72.52, 16893859
04/23/25, 73.29, 73.95, 72.38, 73.30, 16353930
04/22/25, 73.00, 74.38, 72.92, 73.90, 15613520
04/21/25, 73.38, 73.4723, 71.82, 72.77, 16037190
04/17/25, 71.90, 73.425, 71.72, 73.00, 20754500
04/16/25, 72.36, 72.665, 71.385, 71.68, 15276220
04/15/25, 72.62, 72.63, 71.725, 71.86, 14965490
04/14/25, 71.30, 72.66, 70.93, 72.45, 13930210
04/11/25, 70.905, 71.85, 70.54, 71.43, 19988199
04/10/25, 70.19, 71.205, 68.98, 70.76, 22450160
04/09/25, 67.92, 70.47, 67.28, 69.95, 27918680
04/08/25, 68.96, 69.9815, 67.76, 68.42, 22774430
04/07/25, 66.23, 69.38, 66.05, 68.37, 34258359
04/04/25, 72.42, 73.01, 69.79, 69.93, 26517289
04/03/25, 72.48, 73.95, 72.32, 73.18, 24959590
04/02/25, 71.96, 72.36, 71.05, 71.33, 14606520
04/01/25, 71.68, 71.91, 71.185, 71.87, 15309150
03/31/25, 70.73, 71.9375, 70.49, 71.62, 24016869
03/28/25, 70.81, 71.315, 69.53, 70.37, 17412920
03/27/25, 70.18, 70.985, 70.07, 70.74, 11663370
03/26/25, 68.92, 70.35, 68.90, 70.02, 14482760
03/25/25, 68.95, 69.08, 68.60, 68.81, 12513900
03/24/25, 68.80, 69.08, 68.33, 68.95, 12575410
03/21/25, 69.71, 69.97, 68.18, 68.67, 47479473
03/20/25, 69.305, 69.81, 69.09, 69.71, 16295260
03/19/25, 68.55, 69.38, 68.54, 69.28, 14780010
03/18/25, 70.11, 70.19, 69.30, 69.38, 12657620
03/17/25, 69.24, 70.17, 69.08, 70.12, 15634810
03/14/25, 68.51, 69.26, 68.3803, 69.16, 14205090
03/13/25, 70.25, 70.25, 69.281, 69.62, 15746570
03/12/25, 70.37, 70.73, 69.74, 69.94, 18923301
03/11/25, 71.875, 72.04, 70.61, 71.04, 28076439
03/10/25, 71.96, 73.22, 71.315, 71.45, 25251189
03/07/25, 69.65, 71.82, 69.65, 71.43, 28393260
03/06/25, 70.41, 70.529, 69.45, 70.46, 21694029
03/05/25, 69.90, 70.74, 69.84, 70.08, 23933631
03/04/25, 72.07, 72.65, 69.88, 70.19, 25411859
03/03/25, 70.24, 72.36, 69.73, 72.32, 21717600
02/28/25, 71.45, 71.57, 70.56, 71.21, 22167381
02/27/25, 70.72, 71.535, 70.42, 70.87, 16789480
02/26/25, 71.27, 71.275, 70.525, 70.80, 14531180
02/25/25, 70.86, 71.7699, 70.73, 71.49, 21555590
02/24/25, 70.84, 71.73, 70.33, 70.59, 21418439
02/21/25, 70.32, 71.60, 70.13, 71.35, 21662250
02/20/25, 69.71, 70.07, 69.42, 70.04, 13398010
02/19/25, 69.21, 70.13, 69.17, 70.07, 16032270
02/18/25, 68.55, 69.37, 68.42, 69.05, 15569120
02/14/25, 69.365, 70.03, 68.76, 68.87, 20779090
02/13/25, 69.00, 69.61, 68.762, 69.50, 24393150
02/12/25, 66.87, 68.82, 66.87, 68.71, 26033760
02/11/25, 67.50, 67.67, 66.41, 67.60, 30589150
02/10/25, 64.10, 64.65, 63.66, 64.55, 16154300
02/07/25, 63.43, 63.92, 63.27, 63.84, 13184670
02/06/25, 63.62, 63.74, 62.91, 63.36, 13423410
02/05/25, 62.72, 63.29, 62.585, 63.12, 10686750
02/04/25, 63.61, 63.63, 62.35, 62.67, 15678000
02/03/25, 63.18, 63.6299, 62.43, 63.35, 12067880
01/31/25, 63.70, 63.93, 63.39, 63.48, 12102060
01/30/25, 63.85, 64.285, 63.23, 64.05, 13200980
01/29/25, 62.56, 63.36, 62.55, 62.83, 11325640
01/28/25, 63.51, 64.04, 62.28, 62.36, 14956030
01/27/25, 62.87, 64.18, 62.473, 63.87, 20742920
01/24/25, 61.72, 62.01, 61.435, 61.92, 19244600
01/23/25, 61.80, 61.98, 61.37, 61.53, 16528420
01/22/25, 62.12, 62.285, 61.66, 61.78, 18191891
01/21/25, 62.90, 63.23, 62.30, 62.42, 19817070
01/17/25, 62.31, 62.765, 62.17, 62.71, 17948869
01/16/25, 61.42, 62.30, 61.32, 62.25, 12585530
01/15/25, 62.33, 62.62, 61.68, 61.77, 16187200
01/14/25, 61.655, 62.065, 61.30, 62.04, 16658289
01/13/25, 61.13, 61.845, 60.71, 61.65, 18016170
01/10/25, 61.58, 61.65, 60.73, 61.07, 22424949
01/08/25, 60.99, 61.77, 60.93, 61.71, 14412400
01/07/25, 61.11, 61.7175, 60.615, 60.84, 17799631
01/06/25, 61.50, 61.565, 60.66, 60.81, 17924240
01/03/25, 61.90, 62.075, 61.62, 61.75, 10403200
01/02/25, 62.35, 62.75, 61.62, 61.84, 12990980
12/31/24, 62.02, 62.43, 61.80, 62.26, 9256664
12/30/24, 62.34, 62.34, 61.68, 62.03, 8972212
12/27/24, 62.45, 62.95, 62.209, 62.45, 8542773
12/26/24, 62.62, 62.74, 62.40, 62.57, 7945641
12/24/24, 62.20, 62.84, 62.01, 62.84, 5019131
12/23/24, 62.50, 62.76, 61.5318, 62.38, 13010760
12/20/24, 62.47, 63.06, 62.28, 62.55, 42458102
12/19/24, 62.70, 63.17, 62.40, 62.45, 21300650
12/18/24, 62.81, 63.64, 62.79, 62.85, 20946090
12/17/24, 62.45, 63.55, 62.32, 63.40, 21902381
12/16/24, 63.23, 63.86, 62.35, 62.55, 24559740
12/13/24, 63.57, 63.835, 63.11, 63.12, 13429030
12/12/24, 63.55, 63.92, 63.22, 63.84, 17542090
12/11/24, 63.00, 63.63, 62.40, 62.64, 32819012
12/10/24, 62.70, 63.04, 61.79, 62.91, 14949420
12/09/24, 62.69, 62.929, 61.90, 62.60, 22348330
12/06/24, 62.83, 63.36, 62.51, 62.53, 15581150
12/05/24, 62.47, 63.12, 62.10, 62.92, 21040359
12/04/24, 63.275, 63.35, 61.90, 62.21, 28137660
12/03/24, 63.72, 64.08, 63.025, 63.52, 24874490
12/02/24, 64.05, 64.19, 63.345, 63.65, 16500100
11/29/24, 64.02, 64.25, 63.77, 64.08, 10648350
11/27/24, 64.96, 65.10, 64.25, 64.43, 13263400
11/26/24, 64.31, 64.64, 64.06, 64.55, 14473270
11/25/24, 64.32, 64.71, 63.84, 64.38, 36805246
11/22/24, 64.24, 64.48, 63.65, 63.92, 19562230
11/21/24, 63.15, 63.81, 62.95, 63.76, 17292301
11/20/24, 62.70, 63.01, 62.02, 62.99, 18904910
11/19/24, 61.90, 62.62, 61.63, 62.59, 16254830
11/18/24, 61.85, 62.14, 61.56, 61.86, 16079360
11/15/24, 62.49, 62.63, 61.39, 61.74, 26284330
11/14/24, 63.11, 63.11, 62.43, 62.55, 15910820
11/13/24, 63.05, 63.26, 62.49, 63.00, 13177640
11/12/24, 63.68, 63.75, 63.12, 63.20, 15020980
11/11/24, 63.99, 64.12, 63.2509, 63.36, 13980870
11/08/24, 63.91, 64.24, 63.74, 63.92, 14719310
11/07/24, 64.29, 64.39, 63.60, 63.66, 14856050
11/06/24, 64.42, 64.86, 63.18, 63.70, 22899260
11/05/24, 64.64, 65.4698, 64.64, 65.37, 8780220
11/04/24, 65.08, 65.42, 64.6507, 65.11, 10984500
11/01/24, 65.47, 65.66, 64.89, 65.01, 12163090
10/31/24, 65.81, 65.99, 65.255, 65.31, 13383720
10/30/24, 65.51, 66.535, 65.32, 65.92, 14177770
10/29/24, 66.29, 66.34, 65.52, 65.56, 16525920
10/28/24, 66.96, 67.395, 66.60, 66.67, 10761420
10/25/24, 67.07, 67.70, 66.79, 66.92, 11138130
10/24/24, 67.65, 68.04, 66.952, 67.30, 17568830
10/23/24, 66.99, 68.70, 66.58, 68.01, 24655199
10/22/24, 69.00, 69.745, 68.68, 69.45, 18603250
10/21/24, 70.00, 70.325, 69.305, 69.45, 11981160
10/18/24, 69.87, 70.55, 69.605, 70.44, 15087520
10/17/24, 70.63, 70.69, 69.58, 69.90, 14674630
10/16/24, 70.09, 70.70, 69.97, 70.57, 7937347
10/15/24, 70.46, 71.21, 70.16, 70.34, 10358730
10/14/24, 69.57, 70.47, 69.47, 70.34, 7659318
10/11/24, 69.46, 69.59, 68.995, 69.57, 8786318
10/10/24, 69.83, 69.91, 68.985, 69.25, 8635150
10/09/24, 69.19, 69.74, 69.07, 69.57, 9037735
10/08/24, 69.04, 69.44, 68.86, 69.18, 13549700
10/07/24, 70.05, 70.10, 68.87, 69.01, 14511960
10/04/24, 69.96, 70.28, 69.72, 70.17, 12687290
10/03/24, 70.86, 70.99, 70.20, 70.52, 9374794
10/02/24, 71.39, 71.43, 70.41, 71.01, 11155480
10/01/24, 72.10, 72.745, 71.63, 71.71, 13294500
09/30/24, 72.00, 72.20, 71.69, 71.86, 18016010
09/27/24, 71.54, 72.20, 71.46, 71.79, 11175710
09/26/24, 70.86, 71.61, 70.84, 71.40, 10815220
09/25/24, 71.71, 71.92, 71.305, 71.45, 12329130
09/24/24, 71.22, 71.815, 70.60, 71.33, 13330640
09/23/24, 71.55, 72.20, 71.18, 71.73, 11613020
09/20/24, 70.41, 71.80, 70.38, 71.64, 48578480
09/19/24, 71.56, 71.94, 70.60, 70.62, 13635650
09/18/24, 71.89, 72.38, 71.27, 71.75, 10719710
09/17/24, 71.90, 72.35, 71.725, 71.80, 12974380
09/16/24, 71.77, 72.24, 71.62, 72.10, 10786530
09/13/24, 70.84, 71.465, 70.48, 71.41, 11073850
09/12/24, 71.00, 71.38, 70.655, 71.23, 12340780
09/11/24, 71.36, 71.37, 70.5701, 71.08, 11418230
09/10/24, 71.97, 72.42, 71.52, 71.55, 10277590
09/09/24, 71.23, 72.305, 70.98, 71.85, 12939260
09/06/24, 70.99, 71.67, 70.89, 71.14, 17485711
09/05/24, 72.62, 72.68, 70.98, 71.17, 23866131
09/04/24, 73.30, 73.53, 71.91, 72.56, 18140830
09/03/24, 72.44, 73.285, 72.245, 73.01, 14752500
08/30/24, 72.20, 72.57, 71.78, 72.47, 18624230
08/29/24, 71.90, 72.22, 71.23, 72.05, 17201680
08/28/24, 71.61, 71.81, 71.295, 71.75, 13272580
08/27/24, 71.32, 71.53, 71.05, 71.50, 16988410
08/26/24, 69.83, 70.92, 69.73, 70.84, 12912250
08/23/24, 69.40, 69.85, 68.935, 69.79, 11834750
08/22/24, 69.92, 69.92, 68.79, 69.33, 12509200
08/21/24, 69.48, 70.13, 69.335, 69.57, 8792397
08/20/24, 68.99, 69.39, 68.765, 69.38, 11957370
08/19/24, 69.35, 69.42, 68.845, 68.98, 9843861
08/16/24, 68.84, 69.30, 68.64, 69.18, 12651230
08/15/24, 68.62, 68.92, 68.50, 68.65, 11285120
08/14/24, 68.23, 68.89, 68.13, 68.58, 14328030
08/13/24, 68.08, 68.61, 68.01, 68.46, 9877569
08/12/24, 68.45, 68.54, 67.83, 68.17, 11012320
08/09/24, 68.70, 68.785, 68.245, 68.68, 12080420
08/08/24, 68.00, 68.865, 67.85, 68.73, 15240910
08/07/24, 68.05, 69.18, 67.83, 68.46, 13365270
08/06/24, 68.15, 68.84, 67.77, 68.05, 12969100
08/05/24, 68.99, 69.55, 67.73, 68.10, 25484270
08/02/24, 68.53, 69.67, 67.69, 69.33, 22514779
08/01/24, 67.00, 68.105, 66.70, 67.96, 16495910
07/31/24, 67.50, 67.61, 66.61, 66.74, 15576850
07/30/24, 66.48, 67.83, 66.36, 67.68, 13257960
07/29/24, 66.88, 67.025, 66.39, 66.83, 12140150
07/26/24, 66.07, 67.11, 66.01, 67.05, 13530070
07/25/24, 66.04, 66.89, 65.86, 66.07, 16328580
07/24/24, 65.09, 65.965, 64.835, 65.81, 13244570
07/23/24, 65.43, 66.04, 64.845, 64.96, 11810260
07/22/24, 65.25, 65.29, 64.315, 64.77, 11794210
07/19/24, 65.64, 65.64, 64.82, 65.29, 13775670
07/18/24, 64.80, 65.805, 64.72, 65.19, 11128200
07/17/24, 64.47, 65.39, 64.405, 65.21, 12508220
07/16/24, 63.43, 64.31, 63.39, 64.27, 9025066
07/15/24, 63.79, 63.94, 63.35, 63.41, 8207521
07/12/24, 63.46, 64.115, 63.385, 63.70, 9201516
07/11/24, 62.64, 63.46, 62.395, 63.10, 11434420
07/10/24, 62.72, 62.86, 62.285, 62.83, 11930410
07/09/24, 63.06, 63.23, 62.59, 62.69, 11660200
07/08/24, 63.59, 63.59, 62.84, 62.96, 11235140
07/05/24, 63.33, 63.79, 62.995, 63.76, 11735460
07/03/24, 63.19, 63.665, 62.93, 63.33, 9154198
07/02/24, 63.26, 63.38, 62.855, 63.15, 8878156
07/01/24, 64.03, 64.30, 63.12, 63.28, 10033360
06/28/24, 63.90, 64.06, 63.52, 63.65, 17358830
06/27/24, 64.05, 64.27, 63.62, 63.91, 8494123
06/26/24, 63.40, 64.11, 63.23, 64.05, 9402502
06/25/24, 63.935, 64.07, 63.51, 63.84, 10546790
06/24/24, 62.99, 64.055, 62.91, 63.97, 13212450
06/21/24, 62.18, 63.10, 62.18, 62.77, 28282189
06/20/24, 62.40, 62.74, 61.945, 62.18, 13306270
06/18/24, 62.53, 62.82, 62.44, 62.63, 10651660
06/17/24, 62.37, 62.895, 62.18, 62.62, 10532720
06/14/24, 62.38, 62.69, 62.09, 62.55, 8179239
06/13/24, 62.86, 63.035, 62.45, 62.99, 9668888
06/12/24, 63.69, 63.69, 62.685, 62.88, 9569550
06/11/24, 63.59, 63.645, 63.07, 63.55, 8395960
06/10/24, 63.94, 63.99, 63.365, 63.59, 15687130
06/07/24, 64.09, 64.225, 63.81, 63.91, 9523089
06/06/24, 63.92, 64.36, 63.84, 64.15, 8658456
06/05/24, 63.99, 64.07, 63.35, 63.92, 9632525
06/04/24, 63.20, 63.97, 62.94, 63.94, 11895620
06/03/24, 62.71, 63.09, 62.445, 62.93, 9369046
05/31/24, 61.99, 63.025, 61.69, 62.93, 19816631
05/30/24, 61.85, 62.08, 61.60, 61.97, 9436821
05/29/24, 61.47, 61.88, 61.07, 61.70, 11861820
05/28/24, 61.79, 62.13, 61.40, 61.82, 12347000
05/24/24, 62.22, 62.42, 61.97, 62.00, 8203136
05/23/24, 62.49, 62.88, 62.05, 62.09, 9834292
05/22/24, 62.71, 63.02, 62.66, 63.00, 7419406
05/21/24, 62.82, 62.98, 62.44, 62.91, 9796202
05/20/24, 62.93, 63.01, 62.46, 62.57, 11000890
05/17/24, 63.34, 63.37, 62.935, 63.03, 11539020
05/16/24, 63.24, 63.725, 63.07, 63.32, 10228000
05/15/24, 63.06, 63.3915, 63.00, 63.13, 9838897
05/14/24, 63.58, 63.76, 62.80, 63.10, 10852230
05/13/24, 63.24, 63.62, 63.18, 63.58, 10137620
05/10/24, 62.92, 63.36, 62.79, 63.26, 8371691
05/09/24, 62.81, 63.15, 62.75, 62.88, 9113662
05/08/24, 62.85, 62.97, 62.48, 62.85, 10484410
05/07/24, 62.76, 62.82, 62.25, 62.62, 9807029
05/06/24, 62.30, 62.38, 61.895, 62.35, 9310699
05/03/24, 61.99, 62.33, 61.64, 62.17, 11628680
05/02/24, 62.18, 62.3991, 61.72, 61.99, 10991300
05/01/24, 61.80, 62.57, 61.21, 61.93, 16730830
04/30/24, 62.14, 62.83, 61.465, 61.77, 19349150
04/29/24, 61.92, 62.05, 61.53, 62.04, 13420750
04/26/24, 61.55, 61.93, 61.35, 61.74, 10994260
04/25/24, 61.87, 62.59, 61.37, 61.74, 19048539
04/24/24, 60.32, 61.65, 59.84, 61.55, 19548320
04/23/24, 60.53, 60.675, 60.13, 60.64, 13689130
04/22/24, 60.14, 60.63, 59.715, 60.55, 15624550
04/19/24, 59.10, 60.355, 58.995, 60.17, 21207850
04/18/24, 58.62, 58.98, 58.54, 58.91, 11125870
04/17/24, 58.28, 58.555, 58.10, 58.51, 13805070
04/16/24, 58.25, 58.38, 57.93, 58.06, 11236840
04/15/24, 58.61, 58.805, 58.04, 58.14, 12425050
04/12/24, 58.95, 59.01, 58.13, 58.28, 12250950
04/11/24, 59.15, 59.37, 58.785, 59.05, 11109010
04/10/24, 59.32, 59.39, 58.69, 58.92, 11861880
04/09/24, 59.48, 59.74, 59.13, 59.72, 10792140
04/08/24, 59.40, 59.47, 59.07, 59.27, 10284540
04/05/24, 59.25, 59.68, 58.9101, 59.51, 10157760
04/04/24, 60.09, 60.15, 59.17, 59.30, 14320690
04/03/24, 60.05, 60.39, 59.78, 59.83, 13672920
04/02/24, 60.45, 60.73, 60.11, 60.15, 13017260
04/01/24, 61.18, 61.30, 60.63, 60.68, 11668690
03/28/24, 61.14, 61.26, 60.995, 61.18, 13683530
03/27/24, 60.79, 61.43, 60.70, 61.03, 12551220
03/26/24, 60.50, 60.71, 60.38, 60.54, 13277390
03/25/24, 60.48, 60.71, 60.12, 60.40, 13144650
03/22/24, 60.52, 60.79, 60.43, 60.49, 11502840
03/21/24, 60.56, 60.99, 60.32, 60.47, 13067080
03/20/24, 60.18, 60.81, 60.155, 60.75, 15258760
03/19/24, 60.24, 60.35, 60.06, 60.23, 15030630
03/18/24, 59.89, 60.40, 59.801, 60.13, 15856690
03/15/24, 60.02, 60.45, 59.64, 59.88, 36849930
03/14/24, 60.58, 60.80, 60.40, 60.50, 13996610
03/13/24, 60.88, 61.21, 60.8001, 61.12, 13909460
03/12/24, 60.32, 60.75, 60.21, 60.50, 12684650
03/11/24, 59.78, 60.29, 59.575, 60.24, 14114260
03/08/24, 59.30, 59.79, 58.97, 59.52, 13239010
03/07/24, 59.69, 59.77, 59.24, 59.44, 13686860
03/06/24, 59.52, 59.995, 59.38, 59.55, 12378820
03/05/24, 59.91, 60.11, 59.42, 59.52, 12309960
03/04/24, 59.23, 59.95, 59.22, 59.81, 10150240
03/01/24, 59.90, 59.90, 59.34, 59.53, 10927560
02/29/24, 60.35, 60.64, 59.90, 60.02, 18152650
02/28/24, 60.37, 60.49, 60.06, 60.40, 8076536
02/27/24, 60.54, 60.78, 60.12, 60.34, 9931088
02/26/24, 61.24, 61.27, 60.66, 60.71, 10336100
02/23/24, 61.09, 61.62, 61.00, 61.20, 13612910
02/22/24, 60.99, 61.25, 60.50, 61.15, 12982800
02/21/24, 60.99, 61.28, 60.83, 61.24, 14378260
02/20/24, 59.595, 60.84, 59.51, 60.70, 18339320
02/16/24, 59.35, 59.62, 58.955, 59.39, 13947060
02/15/24, 59.42, 59.59, 59.13, 59.40, 13695850
02/14/24, 59.17, 59.59, 59.035, 59.29, 15872450
02/13/24, 59.50, 60.655, 58.79, 59.35, 24195711
02/12/24, 59.66, 59.76, 58.96, 59.70, 13516780
02/09/24, 59.47, 59.58, 59.03, 59.56, 15235250
02/08/24, 59.89, 59.97, 59.41, 59.83, 12874760
02/07/24, 60.07, 60.21, 59.94, 59.99, 10259890
02/06/24, 59.96, 60.05, 59.68, 59.94, 12777150
02/05/24, 60.38, 60.38, 59.88, 60.04, 12759570
02/02/24, 60.82, 60.87, 60.23, 60.54, 17544910
02/01/24, 59.57, 61.005, 59.36, 60.98, 15870880
01/31/24, 60.10, 60.45, 59.29, 59.49, 22837000
01/30/24, 59.85, 60.02, 59.445, 59.90, 22061539
01/29/24, 59.34, 59.79, 59.17, 59.73, 14547070
01/26/24, 59.25, 59.49, 59.125, 59.37, 13025070
01/25/24, 59.01, 59.17, 58.66, 59.16, 14899710
01/24/24, 59.80, 59.81, 58.89, 58.91, 16370480
01/23/24, 59.53, 60.00, 59.46, 59.85, 14481640
01/22/24, 59.755, 60.065, 59.44, 59.57, 14314270
01/19/24, 60.26, 60.28, 59.64, 59.83, 14392600
01/18/24, 59.69, 60.23, 59.525, 60.16, 10397680
01/17/24, 59.86, 60.21, 59.82, 59.99, 8982132
01/16/24, 60.39, 60.43, 59.85, 59.99, 11826910
01/12/24, 60.08, 60.46, 59.87, 60.39, 13218010
01/11/24, 60.25, 60.26, 59.69, 59.81, 13754230
01/10/24, 60.22, 60.41, 59.98, 60.20, 12257980
01/09/24, 59.99, 60.135, 59.62, 60.00, 10493650
01/08/24, 59.68, 60.18, 59.42, 60.11, 11554630
01/05/24, 59.80, 59.95, 59.0921, 59.67, 10412800
01/04/24, 60.05, 60.26, 59.66, 59.76, 12912930
01/03/24, 59.93, 60.20, 59.76, 59.96, 14830630
01/02/24, 58.80, 59.88, 58.67, 59.82, 16322590
12/29/23, 58.74, 58.98, 58.63, 58.93, 9244339
12/28/23, 58.65, 58.87, 58.525, 58.75, 8400138
12/27/23, 58.64, 58.77, 58.40, 58.71, 8560060
12/26/23, 58.06, 58.705, 58.06, 58.56, 6422531
12/22/23, 58.12, 58.46, 58.02, 58.32, 9029440
12/21/23, 57.85, 58.07, 57.47, 57.99, 11725120
12/20/23, 58.50, 58.67, 57.57, 57.61, 17701000
12/19/23, 59.00, 59.20, 58.635, 58.83, 14612200
12/18/23, 58.80, 59.49, 58.62, 59.02, 16717660
12/15/23, 58.83, 59.17, 57.80, 58.60, 65177379
12/14/23, 59.97, 60.04, 58.77, 59.04, 22478311
12/13/23, 59.45, 60.02, 59.26, 59.93, 16196750
12/12/23, 59.20, 59.42, 58.895, 59.42, 12899010
12/11/23, 58.83, 59.09, 58.50, 59.04, 14524770
12/08/23, 58.74, 58.75, 58.365, 58.61, 11178670
12/07/23, 58.67, 58.8901, 58.39, 58.74, 11587870
12/06/23, 58.56, 58.73, 58.205, 58.60, 14868550
12/05/23, 58.55, 58.83, 58.415, 58.66, 11891510
12/04/23, 58.59, 58.955, 58.44, 58.57, 14942250
12/01/23, 58.27, 58.685, 58.24, 58.64, 15371150
11/30/23, 57.96, 58.455, 57.60, 58.44, 22727490
11/29/23, 58.58, 58.67, 58.10, 58.23, 11263630
11/28/23, 58.40, 58.83, 58.36, 58.58, 13739610
11/27/23, 58.54, 58.69, 58.27, 58.46, 16246510
11/24/23, 58.46, 58.75, 58.335, 58.57, 4816024
11/22/23, 58.26, 58.535, 58.1271, 58.42, 11327150
11/21/23, 57.46, 58.04, 57.33, 58.03, 13891650
11/20/23, 57.05, 57.575, 56.955, 57.40, 13053920
11/17/23, 57.19, 57.34, 56.70, 57.26, 14476630
11/16/23, 57.25, 57.53, 56.81, 57.15, 16010450
11/15/23, 57.30, 57.335, 56.75, 57.21, 10201860
11/14/23, 57.02, 57.24, 56.805, 57.10, 12697070
11/13/23, 56.62, 57.095, 56.60, 56.93, 12798180
11/10/23, 56.87, 56.925, 56.055, 56.72, 11680430
11/09/23, 57.03, 57.14, 56.37, 56.66, 12021090
11/08/23, 57.32, 57.465, 56.92, 57.09, 13744010
11/07/23, 56.92, 57.3995, 56.73, 57.18, 10449300
11/06/23, 56.78, 57.275, 56.74, 56.97, 12673190
11/03/23, 57.40, 57.59, 56.70, 56.74, 13958730
11/02/23, 56.50, 57.15, 56.355, 57.09, 13087240
11/01/23, 56.80, 56.88, 56.26, 56.44, 14110800
10/31/23, 56.57, 56.72, 56.15, 56.49, 16639381
10/30/23, 55.43, 56.275, 55.42, 56.15, 15014290
10/27/23, 55.55, 56.135, 55.10, 55.24, 13626520
10/26/23, 56.37, 56.625, 55.72, 55.78, 16228390
10/25/23, 55.76, 56.2178, 55.56, 56.12, 16701020
10/24/23, 55.65, 56.17, 55.30, 55.64, 25290850
10/23/23, 54.38, 54.89, 54.045, 54.08, 21212650
10/20/23, 54.53, 55.02, 54.44, 54.57, 15686350
10/19/23, 54.16, 54.76, 53.86, 54.35, 16202190
10/18/23, 54.10, 54.53, 53.92, 54.05, 12809450
10/17/23, 53.31, 54.10, 53.21, 54.07, 16457189
10/16/23, 53.02, 53.56, 52.84, 53.43, 12816820
10/13/23, 52.74, 53.42, 52.64, 52.89, 14526990
10/12/23, 53.76, 53.83, 52.4299, 52.81, 19330359
10/11/23, 54.22, 54.28, 53.02, 53.71, 21138930
10/10/23, 54.13, 54.33, 53.56, 54.03, 20909680
10/09/23, 52.96, 53.15, 52.11, 52.88, 15704750
10/06/23, 52.04, 53.29, 51.55, 53.14, 30298869
10/05/23, 54.74, 54.95, 52.235, 52.38, 29878070
10/04/23, 54.89, 55.28, 54.71, 55.04, 12100520
10/03/23, 55.16, 55.425, 54.78, 54.88, 13604200
10/02/23, 55.91, 56.009, 55.075, 55.48, 11792500
09/29/23, 56.14, 56.27, 55.615, 55.98, 12271560
09/28/23, 56.23, 56.32, 55.70, 55.81, 12484770
09/27/23, 56.42, 56.53, 55.68, 55.95, 13766300
09/26/23, 56.73, 56.895, 56.40, 56.53, 11194700
09/25/23, 57.40, 57.485, 56.74, 57.00, 12358820
09/22/23, 57.85, 57.965, 57.50, 57.60, 14645390
09/21/23, 58.37, 58.42, 57.42, 57.54, 15945820
09/20/23, 58.30, 58.83, 58.08, 58.44, 14767920
09/19/23, 58.26, 58.39, 57.92, 58.18, 12000090
09/18/23, 57.98, 58.3499, 57.63, 58.30, 13617370
09/15/23, 58.41, 58.635, 57.75, 57.94, 55727512
09/14/23, 58.24, 58.59, 58.19, 58.46, 12311580
09/13/23, 58.40, 58.68, 58.34, 58.44, 12641370
09/12/23, 58.99, 59.00, 58.19, 58.30, 12292720
09/11/23, 58.40, 58.99, 58.225, 58.88, 14767420
09/08/23, 58.30, 58.41, 58.01, 58.33, 14332810
09/07/23, 58.95, 59.16, 58.30, 58.33, 17628590
09/06/23, 58.62, 58.83, 58.42, 58.78, 13923550
09/05/23, 59.25, 59.32, 58.67, 58.82, 12474640
09/01/23, 60.00, 60.13, 59.12, 59.31, 11262280
08/31/23, 60.30, 60.47, 59.805, 59.83, 14663460
08/30/23, 60.64, 60.74, 60.2941, 60.47, 9447912
08/29/23, 60.56, 60.63, 60.15, 60.50, 8189592
08/28/23, 60.55, 60.725, 60.3692, 60.56, 6254255
08/25/23, 60.41, 60.57, 60.01, 60.39, 7629222
08/24/23, 60.27, 60.88, 60.09, 60.11, 8955130
08/23/23, 60.20, 60.435, 60.16, 60.27, 7749490
08/22/23, 60.34, 60.575, 59.975, 60.06, 9412208
08/21/23, 60.86, 60.93, 60.3206, 60.43, 8648519
08/18/23, 60.54, 61.085, 60.37, 60.95, 11083770
08/17/23, 60.58, 61.02, 60.45, 60.61, 12873500
08/16/23, 60.54, 60.82, 60.40, 60.48, 8372266
08/15/23, 60.69, 60.8999, 60.37, 60.47, 7187444
08/14/23, 61.32, 61.48, 60.75, 60.88, 7176291
08/11/23, 60.84, 61.1982, 60.69, 61.17, 8483912
08/10/23, 61.35, 61.73, 60.79, 60.92, 7870314
08/09/23, 60.91, 61.63, 60.75, 61.06, 7904067
08/08/23, 61.19, 61.35, 60.62, 60.92, 7956064
08/07/23, 60.79, 61.329, 60.74, 61.19, 6982647
08/04/23, 61.68, 61.89, 60.62, 60.71, 9359298
08/03/23, 61.87, 62.12, 61.525, 61.64, 8039062
08/02/23, 61.56, 62.585, 61.56, 61.96, 11061080
08/01/23, 62.09, 62.36, 61.62, 61.77, 9283438
07/31/23, 62.45, 62.45, 61.73, 61.93, 15584500
07/28/23, 62.585, 62.77, 62.2207, 62.48, 9723263
07/27/23, 63.05, 63.265, 62.38, 62.44, 11517110
07/26/23, 61.86, 63.17, 61.39, 63.05, 17145520
07/25/23, 62.30, 62.39, 62.045, 62.25, 13422660
07/24/23, 62.42, 62.81, 62.40, 62.46, 10251140
07/21/23, 62.46, 62.68, 62.24, 62.44, 12815070
07/20/23, 61.68, 62.41, 61.67, 62.39, 11563020
07/19/23, 60.77, 61.79, 60.68, 61.64, 12936040
07/18/23, 60.96, 61.2488, 60.41, 60.57, 11152930
07/17/23, 60.76, 61.10, 60.49, 60.81, 10015420
07/14/23, 60.14, 61.04, 60.09, 60.90, 11634210
07/13/23, 60.12, 60.46, 59.98, 60.35, 11269750
07/12/23, 59.75, 60.05, 59.445, 59.84, 14241270
07/11/23, 59.46, 59.56, 58.84, 59.52, 15970130
07/10/23, 59.97, 60.15, 59.14, 59.31, 15480650
07/07/23, 60.31, 60.495, 59.73, 59.76, 14573960
07/06/23, 60.73, 61.02, 60.50, 60.56, 12604350
07/05/23, 60.28, 61.10, 60.16, 61.03, 14717680
07/03/23, 60.20, 60.63, 60.03, 60.58, 9694520
06/30/23, 60.00, 60.35, 59.87, 60.22, 19739189
06/29/23, 60.22, 60.35, 59.765, 60.02, 17142311
06/28/23, 60.88, 61.04, 60.40, 60.52, 11173180
06/27/23, 61.22, 61.36, 60.98, 61.09, 9068545
06/26/23, 61.205, 61.29, 60.39, 61.22, 12856070
06/23/23, 61.94, 61.97, 61.18, 61.20, 25112061
06/22/23, 61.81, 62.10, 61.585, 61.85, 15194160
06/21/23, 61.31, 61.7199, 60.98, 61.43, 13948670
06/20/23, 61.59, 61.96, 61.24, 61.26, 13973440
06/16/23, 61.60, 62.17, 61.48, 61.67, 26737980
06/15/23, 60.61, 61.2985, 60.34, 61.23, 15271390
06/14/23, 60.73, 61.08, 60.60, 60.86, 14099680
06/13/23, 60.21, 60.67, 60.04, 60.45, 13397780
06/12/23, 60.59, 60.65, 60.02, 60.21, 14220960
06/09/23, 60.27, 60.6667, 60.17, 60.47, 12582570
06/08/23, 60.13, 60.405, 59.98, 60.37, 15589980
06/07/23, 60.01, 60.355, 59.82, 60.22, 16817910
06/06/23, 60.95, 60.99, 60.1244, 60.31, 10943520
06/05/23, 61.00, 61.44, 60.5548, 60.75, 13913363
06/02/23, 60.27, 61.32, 60.08, 61.16, 15259850
06/01/23, 59.94, 60.165, 59.77, 60.00, 13402680
05/31/23, 59.92, 60.28, 59.365, 59.66, 59432168
05/30/23, 60.09, 60.195, 59.52, 59.78, 15634210
05/26/23, 60.45, 60.64, 60.11, 60.26, 12570280
05/25/23, 60.47, 60.73, 60.15, 60.41, 14463630
05/24/23, 61.38, 61.43, 60.72, 60.88, 11090130
05/23/23, 61.51, 61.67, 61.17, 61.40, 13932720
05/22/23, 62.785, 62.865, 61.44, 61.51, 15055370
05/19/23, 63.04, 63.10, 62.605, 62.83, 14251360
05/18/23, 63.01, 63.04, 62.57, 62.80, 13595050
05/17/23, 63.40, 63.42, 62.73, 63.15, 11582950
05/16/23, 63.895, 63.895, 63.16, 63.22, 9130361
05/15/23, 64.22, 64.25, 63.71, 63.94, 8149993
05/12/23, 63.86, 64.19, 63.70, 64.11, 8740752
05/11/23, 63.58, 63.93, 63.01, 63.86, 9581525
05/10/23, 63.32, 63.64, 62.99, 63.50, 10134030
05/09/23, 63.64, 63.75, 63.28, 63.39, 9067653
05/08/23, 63.81, 64.055, 63.61, 63.92, 7240719
05/05/23, 63.64, 64.205, 63.63, 64.02, 9039023
05/04/23, 63.74, 63.93, 63.51, 63.72, 11938310
05/03/23, 64.02, 64.18, 63.58, 63.65, 11084590
05/02/23, 64.14, 64.14, 63.27, 64.01, 10948420
05/01/23, 64.15, 64.69, 64.06, 64.30, 9091540
04/28/23, 63.61, 64.16, 63.48, 64.15, 13687620
04/27/23, 63.53, 63.76, 63.1141, 63.68, 13795820
04/26/23, 63.56, 63.77, 63.39, 63.55, 13179560
04/25/23, 64.17, 64.17, 63.63, 63.85, 12818860
04/24/23, 64.75, 64.99, 63.6237, 63.95, 15532270
04/21/23, 64.00, 64.27, 63.80, 64.05, 12931100
04/20/23, 63.63, 64.00, 63.44, 63.96, 10706390
04/19/23, 63.73, 63.83, 63.425, 63.68, 9769543
04/18/23, 63.51, 63.60, 63.19, 63.56, 9035679
04/17/23, 63.32, 63.53, 63.1401, 63.46, 9452394
04/14/23, 63.05, 63.15, 62.775, 63.05, 8946011
04/13/23, 62.76, 63.16, 62.48, 63.15, 9871424
04/12/23, 62.48, 63.03, 62.31, 62.69, 9593704
04/11/23, 62.65, 62.71, 62.40, 62.58, 9913049
04/10/23, 62.49, 62.69, 62.02, 62.69, 7952575
04/06/23, 62.86, 63.0399, 62.38, 62.84, 9644204
04/05/23, 62.53, 63.02, 62.50, 62.80, 12789550
04/04/23, 62.39, 62.74, 62.075, 62.21, 11433400
04/03/23, 62.30, 62.52, 61.86, 62.40, 12300660
03/31/23, 62.06, 62.25, 61.87, 62.03, 14440890
03/30/23, 61.88, 62.09, 61.66, 61.85, 9870659
03/29/23, 61.72, 61.95, 61.59, 61.86, 9441019
03/28/23, 61.39, 61.74, 61.27, 61.42, 10925740
03/27/23, 61.14, 61.48, 60.95, 61.35, 12777400
03/24/23, 60.25, 61.015, 59.91, 60.90, 12977610
03/23/23, 60.09, 60.39, 59.72, 59.92, 15479000
03/22/23, 60.40, 60.87, 60.03, 60.05, 10494210
03/21/23, 60.57, 60.75, 59.88, 60.32, 13716480
03/20/23, 60.16, 60.60, 59.97, 60.60, 12904120
03/17/23, 60.31, 60.35, 59.635, 60.02, 27351230
03/16/23, 60.09, 60.335, 59.70, 60.30, 15658970
03/15/23, 59.43, 60.475, 59.24, 60.43, 21089910
03/14/23, 60.00, 60.455, 59.35, 60.03, 19496900
03/13/23, 59.29, 60.87, 59.25, 59.81, 21956010
03/10/23, 59.70, 60.14, 58.99, 59.21, 13745840
03/09/23, 60.54, 60.54, 59.275, 59.46, 13900860
03/08/23, 60.04, 60.325, 59.725, 60.04, 10851580
03/07/23, 60.49, 60.57, 59.75, 60.01, 13961200
03/06/23, 59.26, 60.375, 59.215, 60.36, 16282680
03/03/23, 59.55, 59.68, 59.205, 59.44, 13101770
03/02/23, 58.84, 59.78, 58.80, 59.72, 11772110
03/01/23, 59.13, 59.18, 58.37, 58.86, 13275810
02/28/23, 59.70, 59.70, 59.14, 59.51, 16082220
02/27/23, 60.18, 60.30, 59.74, 59.82, 8849821
02/24/23, 59.68, 59.91, 59.385, 59.84, 9736249
02/23/23, 60.01, 60.42, 59.81, 60.09, 12222830
02/22/23, 59.85, 60.36, 59.7539, 59.98, 12409560
02/21/23, 59.99, 60.23, 59.72, 59.80, 14278310
02/17/23, 59.50, 60.23, 59.38, 60.12, 16814650
02/16/23, 59.23, 59.82, 58.95, 59.22, 16538279
02/15/23, 59.90, 59.93, 59.225, 59.59, 13172700
02/14/23, 60.21, 60.90, 59.56, 59.59, 20505680
02/13/23, 59.90, 60.76, 59.73, 60.60, 16191790
02/10/23, 59.72, 59.90, 58.88, 59.62, 14420660
02/09/23, 60.15, 60.32, 59.595, 59.62, 12515310
02/08/23, 59.92, 59.92, 59.59, 59.72, 11012020
02/07/23, 59.67, 60.24, 59.535, 60.07, 14922740
02/06/23, 59.79, 60.34, 59.72, 60.17, 11330900
02/03/23, 60.35, 60.42, 59.23, 59.83, 15404440
02/02/23, 60.80, 61.02, 59.91, 60.28, 16947221
02/01/23, 61.14, 61.58, 60.62, 61.33, 12535440
01/31/23, 60.98, 61.34, 60.51, 61.32, 14344380
01/30/23, 60.54, 61.17, 60.46, 60.64, 15632010
01/27/23, 60.84, 60.96, 60.37, 60.49, 14087040
01/26/23, 60.81, 61.095, 60.57, 60.81, 11884830
01/25/23, 60.20, 60.94, 59.885, 60.93, 11265840
01/24/23, 60.08, 61.85, 59.80, 60.55, 10103310
01/23/23, 60.28, 60.565, 60.05, 60.23, 12613430
01/20/23, 59.72, 60.09, 59.40, 60.08, 14237700
01/19/23, 59.725, 60.64, 59.705, 59.72, 14894460
01/18/23, 61.51, 61.59, 59.6817, 59.81, 19679439
01/17/23, 61.73, 62.38, 61.56, 61.68, 18327779
01/13/23, 60.70, 61.46, 60.585, 61.43, 13986360
01/12/23, 62.11, 62.18, 60.97, 61.21, 13907330
01/11/23, 62.38, 62.56, 61.411, 62.01, 10823000
01/10/23, 62.60, 62.73, 61.92, 62.13, 10134610
01/09/23, 63.30, 63.72, 62.575, 62.61, 9442623
01/06/23, 62.91, 63.67, 62.58, 63.40, 9989986
01/05/23, 62.60, 62.80, 62.08, 62.20, 9814674
01/04/23, 63.15, 63.3294, 62.511, 62.92, 13387920
01/03/23, 63.56, 63.56, 62.175, 62.95, 12180510
12/30/22, 63.92, 63.92, 63.17, 63.61, 7650228
12/29/22, 63.80, 64.15, 63.70, 63.95, 7169256
12/28/22, 64.46, 64.65, 63.485, 63.57, 7159417
12/27/22, 63.93, 64.29, 63.71, 64.21, 7320717
12/23/22, 63.50, 63.87, 63.20, 63.82, 6463261
12/22/22, 63.42, 63.59, 62.645, 63.34, 9668107
12/21/22, 63.07, 64.05, 63.07, 63.80, 10411290
12/20/22, 62.822, 63.15, 62.75, 62.79, 10286480
12/19/22, 62.83, 63.405, 62.47, 62.84, 10919730
12/16/22, 62.75, 63.14, 62.325, 62.75, 33631527
12/15/22, 63.59, 63.89, 62.49, 63.11, 12213290
12/14/22, 64.19, 64.65, 63.57, 63.99, 12826650
12/13/22, 64.59, 64.70, 63.80, 63.99, 17521551
12/12/22, 63.30, 64.005, 63.01, 63.97, 11647900
12/09/22, 63.61, 63.84, 63.09, 63.14, 13914860
12/08/22, 63.60, 63.85, 63.345, 63.81, 9946173
12/07/22, 63.45, 63.72, 63.25, 63.54, 12307610
12/06/22, 63.52, 63.88, 63.225, 63.44, 10099530
12/05/22, 63.41, 63.795, 63.26, 63.47, 9185090
12/02/22, 63.61, 64.52, 63.40, 64.35, 13643450
12/01/22, 63.61, 64.11, 63.43, 63.79, 12001360
11/30/22, 62.01, 63.68, 61.75, 63.61, 30433939
11/29/22, 62.52, 62.57, 61.98, 62.48, 10969560
11/28/22, 62.69, 63.10, 62.56, 62.70, 12268000
11/25/22, 62.73, 62.81, 62.38, 62.69, 5165499
11/23/22, 62.49, 62.79, 62.3008, 62.63, 8990385
11/22/22, 62.47, 62.50, 62.0538, 62.35, 12319640
11/21/22, 61.41, 62.21, 61.20, 62.08, 15399350
11/18/22, 60.99, 61.37, 60.80, 61.14, 10415640
11/17/22, 60.19, 60.74, 60.13, 60.71, 11220300
11/16/22, 60.79, 61.03, 60.285, 60.52, 14199490
11/15/22, 61.13, 61.45, 60.00, 60.63, 13295840
11/14/22, 61.32, 61.715, 60.71, 60.73, 16361030
11/11/22, 61.37, 61.45, 60.21, 61.32, 18972080
11/10/22, 60.25, 61.04, 59.68, 60.88, 16804850
11/09/22, 59.59, 59.64, 58.751, 58.77, 10115160
11/08/22, 59.75, 59.79, 58.94, 59.60, 10081650
11/07/22, 59.26, 59.77, 59.24, 59.49, 8849704
11/04/22, 59.30, 59.585, 58.56, 59.26, 9726126
11/03/22, 58.11, 58.9972, 58.10, 58.78, 9193970
11/02/22, 59.64, 60.23, 58.77, 58.81, 14551130
11/01/22, 60.03, 60.29, 59.37, 59.64, 10659460
10/31/22, 60.51, 60.57, 59.67, 59.85, 14016380
10/28/22, 59.57, 60.91, 59.47, 60.76, 12888860
10/27/22, 59.77, 59.84, 59.375, 59.53, 16026120
10/26/22, 59.01, 59.78, 58.86, 59.39, 15841370
10/25/22, 59.04, 59.11, 57.75, 58.95, 28829930
10/24/22, 56.64, 57.73, 56.57, 57.57, 17416680
10/21/22, 55.00, 56.105, 54.985, 55.96, 15034050
10/20/22, 55.77, 55.92, 54.96, 55.08, 16905150
10/19/22, 56.31, 56.54, 55.73, 55.96, 10182290
10/18/22, 56.31, 56.78, 56.1009, 56.44, 11823120
10/17/22, 55.63, 56.215, 55.57, 55.69, 13721430
10/14/22, 56.29, 56.47, 54.94, 54.98, 16001400
10/13/22, 54.48, 56.08, 54.26, 55.87, 16220720
10/12/22, 55.23, 56.0365, 55.04, 55.14, 18377449
10/11/22, 54.46, 55.22, 54.24, 54.48, 14303920
10/10/22, 54.60, 54.96, 54.015, 54.39, 10239120
10/07/22, 54.99, 55.09, 54.25, 54.51, 11479800
10/06/22, 56.00, 56.10, 54.87, 55.03, 17192840
10/05/22, 56.50, 56.65, 55.51, 56.24, 14324850
10/04/22, 56.95, 57.81, 56.46, 56.78, 18861430
10/03/22, 56.36, 56.85, 56.06, 56.65, 16277620
09/30/22, 56.87, 57.13, 56.00, 56.02, 16124620
09/29/22, 57.09, 57.29, 56.00, 56.57, 14570700
09/28/22, 56.66, 57.25, 55.91, 56.98, 21480150
09/27/22, 58.08, 58.37, 56.31, 56.38, 23829350
09/26/22, 58.49, 58.57, 57.685, 57.87, 18670051
09/23/22, 58.96, 59.10, 58.00, 58.60, 14824050
09/22/22, 59.55, 59.73, 59.20, 59.26, 11657600
09/21/22, 60.14, 60.70, 59.39, 59.40, 14165340
09/20/22, 59.68, 60.03, 59.315, 59.90, 11984610
09/19/22, 59.39, 60.10, 59.225, 59.99, 12596250
09/16/22, 59.66, 59.795, 59.11, 59.54, 20493539
09/15/22, 60.40, 60.40, 59.36, 59.53, 11451930
09/14/22, 60.64, 61.08, 60.44, 60.79, 12881590
09/13/22, 62.20, 62.22, 60.28, 60.47, 18532830
09/12/22, 62.43, 62.81, 62.27, 62.50, 13026940
09/09/22, 62.17, 62.88, 61.855, 62.32, 11855890
09/08/22, 62.08, 62.30, 61.34, 62.12, 17193461
09/07/22, 61.32, 62.49, 61.32, 62.31, 13290710
09/06/22, 61.29, 61.965, 60.99, 61.18, 12181820
09/02/22, 62.39, 62.77, 60.895, 61.15, 11809820
09/01/22, 61.58, 62.04, 61.29, 62.00, 14939680
08/31/22, 62.38, 62.53, 61.70, 61.71, 14633570
08/30/22, 62.91, 62.91, 61.9937, 62.15, 8456837
08/29/22, 62.685, 63.025, 62.41, 62.73, 9115904
08/26/22, 64.73, 64.80, 62.98, 63.11, 10089510
08/25/22, 64.36, 64.705, 63.90, 64.67, 7913869
08/24/22, 64.24, 64.575, 64.05, 64.36, 6844730
08/23/22, 63.82, 64.37, 63.68, 64.27, 8443752
08/22/22, 64.84, 64.92, 63.99, 64.20, 9087893
08/19/22, 65.205, 65.47, 64.96, 65.17, 8921062
08/18/22, 64.96, 65.35, 64.71, 65.22, 6532028
08/17/22, 64.83, 65.22, 64.76, 64.88, 8144045
08/16/22, 64.57, 65.23, 64.33, 65.03, 9569616
08/15/22, 63.64, 64.69, 63.57, 64.50, 9863332
08/12/22, 63.43, 63.76, 63.09, 63.70, 9489284
08/11/22, 63.69, 63.99, 63.08, 63.22, 8507766
08/10/22, 63.63, 63.79, 63.10, 63.65, 8857253
08/09/22, 63.18, 63.31, 62.85, 63.05, 7910877
08/08/22, 63.50, 63.81, 62.75, 62.97, 9166673
08/05/22, 63.63, 63.63, 62.67, 63.38, 10445390
08/04/22, 63.64, 63.73, 62.92, 63.67, 11795650
08/03/22, 63.55, 64.095, 63.31, 63.92, 11316990
08/02/22, 64.59, 64.60, 63.43, 63.64, 15241900
08/01/22, 64.09, 65.04, 64.03, 64.52, 12831540
07/29/22, 63.71, 64.29, 63.63, 64.17, 13734240
07/28/22, 62.92, 64.245, 62.89, 64.06, 10837000
07/27/22, 62.88, 63.185, 61.785, 63.01, 12142870
07/26/22, 62.75, 63.80, 62.53, 63.21, 20117949
07/25/22, 61.55, 62.30, 61.31, 62.19, 14941650
07/22/22, 61.38, 61.87, 61.32, 61.59, 11644690
07/21/22, 61.26, 61.875, 60.79, 61.36, 11959620
07/20/22, 62.40, 62.58, 61.145, 61.50, 11010450
07/19/22, 62.09, 62.65, 61.925, 62.53, 10998230
07/18/22, 62.52, 62.56, 61.51, 61.65, 10780840
07/15/22, 62.75, 62.97, 62.07, 62.50, 21968420
07/14/22, 61.33, 62.25, 61.30, 62.18, 14433040
07/13/22, 62.33, 63.00, 61.9811, 62.38, 13145290
07/12/22, 63.00, 63.45, 62.47, 62.67, 14731070
07/11/22, 62.99, 63.46, 62.585, 62.94, 12704110
07/08/22, 63.03, 63.42, 62.88, 63.14, 11311460
07/07/22, 63.26, 63.58, 62.70, 62.91, 14828430
07/06/22, 63.60, 64.09, 63.19, 63.41, 13450510
07/05/22, 64.18, 64.18, 62.415, 63.28, 15925030
07/01/22, 63.12, 64.45, 62.82, 64.38, 15143200
06/30/22, 62.32, 63.1144, 62.16, 62.91, 15514150
06/29/22, 62.54, 63.11, 62.43, 62.73, 11795510
06/28/22, 63.08, 63.76, 62.105, 62.28, 13181560
06/27/22, 62.98, 63.2867, 62.63, 62.91, 12142110
06/24/22, 62.11, 63.06, 62.11, 63.04, 18147070
06/23/22, 61.30, 61.91, 61.2263, 61.88, 17190869
06/22/22, 60.60, 61.445, 60.315, 61.15, 15209870
06/21/22, 59.49, 60.88, 59.01, 60.70, 17705020
06/17/22, 59.70, 60.125, 59.13, 59.43, 34781922
06/16/22, 58.64, 59.52, 58.2528, 59.07, 15053840
06/15/22, 60.00, 60.635, 58.97, 59.67, 19684699
06/14/22, 60.73, 60.89, 58.655, 59.23, 24620020
06/13/22, 60.75, 62.291, 60.67, 61.34, 23064189
06/10/22, 61.01, 61.885, 60.4601, 61.41, 14973490
06/09/22, 62.87, 63.35, 61.78, 61.80, 13391880
06/08/22, 62.99, 63.21, 62.555, 62.89, 10211450
06/07/22, 62.38, 63.365, 62.22, 63.25, 17886320
06/06/22, 63.33, 63.77, 62.66, 62.87, 15112810
06/03/22, 63.57, 63.625, 62.81, 62.97, 13539860
06/02/22, 63.18, 63.735, 62.11, 63.73, 14585980
06/01/22, 63.42, 63.68, 62.13, 63.07, 15408310
05/31/22, 64.08, 64.315, 63.05, 63.38, 43159047
05/27/22, 64.26, 64.83, 64.14, 64.68, 17708980
05/26/22, 64.07, 65.095, 63.96, 64.30, 16159830
05/25/22, 64.00, 64.475, 63.60, 64.07, 15360490
05/24/22, 62.88, 64.19, 62.75, 64.02, 16154240
05/23/22, 61.65, 63.10, 61.59, 62.86, 19406881
05/20/22, 60.49, 61.235, 59.66, 60.98, 29133760
05/19/22, 60.96, 60.96, 59.66, 60.00, 31493881
05/18/22, 65.42, 65.52, 60.9639, 61.20, 31437311
05/17/22, 66.10, 66.10, 65.01, 65.78, 21300590
05/16/22, 65.44, 66.38, 65.44, 65.96, 13223180
05/13/22, 64.81, 65.80, 64.12, 65.72, 16166960
05/12/22, 64.16, 64.53, 63.205, 64.51, 22574721
05/11/22, 64.33, 65.20, 63.96, 64.31, 19648400
05/10/22, 64.50, 65.32, 63.85, 64.01, 21322221
05/09/22, 64.47, 65.365, 64.04, 64.61, 20055330
05/06/22, 64.20, 65.31, 64.07, 64.74, 18984020
05/05/22, 64.69, 65.03, 64.01, 64.51, 20155240
05/04/22, 63.00, 65.12, 62.94, 65.03, 19780189
05/03/22, 63.72, 63.94, 62.67, 63.08, 21686340
05/02/22, 65.28, 65.31, 62.58, 63.44, 24970311
04/29/22, 65.87, 66.03, 64.49, 64.61, 20137150
04/28/22, 64.66, 66.28, 64.50, 66.19, 22020520
04/27/22, 65.00, 66.28, 65.00, 65.56, 16971010
04/26/22, 65.52, 66.367, 65.04, 65.05, 21982609
04/25/22, 67.00, 67.20, 64.78, 65.94, 25082000
04/22/22, 66.08, 66.34, 65.18, 65.25, 14902200
04/21/22, 65.98, 67.00, 65.72, 66.21, 15120410
04/20/22, 65.44, 66.24, 65.40, 65.96, 14827070
04/19/22, 64.50, 65.25, 64.44, 65.07, 11993780
04/18/22, 64.77, 65.18, 64.18, 64.44, 11679370
04/14/22, 64.96, 65.57, 64.82, 65.02, 16388430
04/13/22, 64.44, 64.87, 64.23, 64.73, 11882990
04/12/22, 64.38, 64.805, 63.89, 64.56, 18089910
04/11/22, 63.905, 64.30, 63.635, 63.81, 12720110
04/08/22, 63.48, 64.04, 63.16, 63.83, 12703470
04/07/22, 63.13, 63.67, 62.711, 63.44, 13960820
04/06/22, 62.77, 63.26, 62.30, 63.10, 19267420
04/05/22, 62.40, 63.235, 62.37, 62.47, 15721230
04/04/22, 62.60, 62.785, 61.72, 62.54, 11506550
04/01/22, 62.33, 62.95, 62.085, 62.87, 12644880
03/31/22, 62.22, 62.64, 62.00, 62.00, 16822900
03/30/22, 62.01, 62.21, 61.555, 62.21, 13641000
03/29/22, 62.21, 62.53, 61.74, 62.16, 14720570
03/28/22, 61.53, 61.94, 61.21, 61.92, 11485220
03/25/22, 61.12, 61.61, 61.05, 61.53, 12260750
03/24/22, 60.64, 61.02, 60.455, 60.98, 13151350
03/23/22, 60.75, 60.98, 59.995, 60.40, 15529240
03/22/22, 60.93, 60.95, 60.055, 60.80, 17559539
03/21/22, 60.50, 61.10, 60.245, 60.58, 17440141
03/18/22, 60.30, 60.30, 59.705, 60.10, 30197779
03/17/22, 59.46, 60.135, 59.23, 60.09, 15586230
03/16/22, 59.78, 59.935, 58.605, 59.46, 17347250
03/15/22, 59.08, 59.89, 58.98, 59.62, 18607189
03/14/22, 57.97, 59.035, 57.97, 58.54, 17799381
03/11/22, 57.96, 58.85, 57.86, 57.92, 19855650
03/10/22, 58.48, 58.66, 57.50, 57.88, 20887279
03/09/22, 59.82, 59.84, 58.66, 58.96, 23022699
03/08/22, 61.45, 61.54, 58.59, 58.66, 30242131
03/07/22, 62.01, 62.07, 60.72, 61.08, 29151420
03/04/22, 61.46, 62.59, 61.20, 62.57, 17164631
03/03/22, 62.61, 63.02, 62.285, 62.47, 21262801
03/02/22, 62.23, 62.88, 61.78, 62.43, 17319119
03/01/22, 62.14, 62.75, 61.51, 61.97, 15871090
02/28/22, 61.65, 62.335, 61.41, 62.24, 25879119
02/25/22, 60.94, 62.895, 60.92, 62.85, 21487801
02/24/22, 59.97, 60.62, 59.22, 60.51, 27207439
02/23/22, 62.24, 62.33, 61.34, 61.59, 19248471
02/22/22, 62.43, 62.64, 61.72, 62.28, 21731391
02/18/22, 62.12, 62.82, 61.99, 62.54, 21975020
02/17/22, 60.55, 62.275, 60.405, 62.12, 21468721
02/16/22, 60.86, 61.395, 60.555, 60.90, 15484660
02/15/22, 60.955, 61.78, 60.63, 60.91, 13409340
02/14/22, 60.16, 60.79, 59.28, 60.68, 23641311
02/11/22, 61.77, 61.98, 60.15, 60.29, 22781391
02/10/22, 60.36, 62.30, 60.20, 61.38, 23561529
02/09/22, 62.17, 62.32, 60.90, 61.04, 23595561
02/08/22, 61.83, 62.325, 61.74, 62.00, 18771750
02/07/22, 61.38, 61.72, 60.86, 61.60, 17846410
02/04/22, 61.49, 61.68, 60.57, 60.96, 17403730
02/03/22, 60.94, 61.78, 60.585, 61.61, 19440490
02/02/22, 60.62, 61.27, 60.56, 61.18, 20225580
02/01/22, 60.91, 61.14, 60.16, 60.56, 20841660
01/31/22, 60.30, 61.14, 60.15, 61.01, 22045320
01/28/22, 59.39, 60.89, 58.94, 60.84, 19101490
01/27/22, 59.88, 60.925, 59.50, 59.65, 18898680
01/26/22, 59.79, 60.345, 59.21, 59.60, 19190240
01/25/22, 59.36, 60.045, 58.69, 59.82, 19027109
01/24/22, 59.90, 60.35, 58.57, 59.96, 30207461
01/21/22, 61.08, 61.30, 60.3982, 60.45, 26643160
01/20/22, 61.00, 61.44, 60.72, 60.75, 23002350
01/19/22, 60.66, 61.18, 60.555, 61.00, 18654750
01/18/22, 61.06, 61.19, 60.45, 60.90, 21977600
01/14/22, 60.94, 61.45, 60.36, 61.39, 19729631
01/13/22, 60.54, 61.04, 60.385, 60.90, 14317990
01/12/22, 60.53, 60.685, 60.19, 60.54, 15753810
01/11/22, 60.43, 60.49, 59.84, 60.45, 19369590
01/10/22, 60.55, 60.82, 60.18, 60.43, 20954350
01/07/22, 60.275, 60.72, 60.06, 60.33, 12307900
01/06/22, 60.465, 61.115, 60.435, 60.47, 17902350
01/05/22, 60.09, 61.195, 60.05, 60.79, 22507260
01/04/22, 59.73, 60.535, 59.59, 60.29, 26141580
01/03/22, 58.82, 59.31, 58.375, 59.30, 20188381
12/31/21, 58.75, 59.35, 58.695, 59.21, 10021250
12/30/21, 59.06, 59.23, 58.76, 58.78, 7703896
12/29/21, 58.95, 59.095, 58.66, 58.95, 9996046
12/28/21, 58.40, 58.94, 58.30, 58.88, 8982271
12/27/21, 58.00, 58.69, 58.00, 58.65, 9862192
12/23/21, 58.52, 58.61, 57.94, 58.22, 11027340
12/22/21, 57.71, 58.19, 57.49, 58.18, 12447440
12/21/21, 57.61, 57.965, 57.53, 57.77, 15864890
12/20/21, 57.20, 57.78, 57.00, 57.54, 20879480
12/17/21, 58.49, 58.92, 57.70, 57.73, 51899379
12/16/21, 57.98, 58.88, 57.90, 58.65, 24696859
12/15/21, 57.93, 58.25, 57.65, 58.06, 24923789
12/14/21, 57.40, 58.17, 57.40, 57.80, 24806570
12/13/21, 56.98, 57.93, 56.955, 57.76, 31362830
12/10/21, 55.25, 56.32, 55.07, 56.28, 23153570
12/09/21, 54.75, 55.13, 54.585, 54.86, 13846420
12/08/21, 55.12, 55.35, 54.36, 55.00, 18026449
12/07/21, 55.02, 55.415, 54.85, 55.21, 23832721
12/06/21, 54.31, 55.25, 54.14, 54.91, 26624141
12/03/21, 53.33, 53.61, 52.98, 53.54, 21064350
12/02/21, 52.60, 53.34, 52.505, 53.07, 17074170
12/01/21, 52.98, 53.52, 52.28, 52.30, 18724141
11/30/21, 53.60, 53.625, 52.44, 52.45, 30485170
11/29/21, 54.045, 54.73, 53.93, 54.58, 22712471
11/26/21, 54.59, 54.75, 53.58, 53.73, 14754340
11/24/21, 55.71, 55.835, 55.03, 55.43, 12598980
11/23/21, 55.66, 56.1064, 55.50, 55.88, 13836260
11/22/21, 55.10, 56.02, 55.08, 55.47, 16906230
11/19/21, 55.44, 55.485, 54.9047, 55.13, 15813660
11/18/21, 55.83, 55.93, 55.14, 55.41, 15380380
11/17/21, 56.04, 56.05, 55.65, 55.91, 13288680
11/16/21, 56.62, 56.94, 56.185, 56.22, 13756460
11/15/21, 56.53, 56.68, 56.27, 56.62, 10289190
11/12/21, 56.75, 56.985, 56.545, 56.61, 10162510
11/11/21, 56.825, 56.88, 56.57, 56.74, 7257681
11/10/21, 56.54, 56.92, 56.29, 56.72, 8813611
11/09/21, 56.41, 56.52, 56.09, 56.49, 10155820
11/08/21, 56.75, 56.89, 56.13, 56.33, 12827970
11/05/21, 56.84, 57.16, 56.59, 56.84, 12886660
11/04/21, 56.11, 56.63, 56.03, 56.60, 10820200
11/03/21, 56.00, 56.33, 55.775, 56.29, 10788280
11/02/21, 56.47, 56.50, 55.965, 56.10, 11498860
11/01/21, 56.39, 56.40, 55.90, 56.17, 11651090
10/29/21, 55.87, 56.465, 55.78, 56.37, 24463740
10/28/21, 55.75, 56.11, 55.62, 56.04, 15927960
10/27/21, 55.97, 56.08, 55.265, 55.52, 24019830
10/26/21, 54.32, 54.58, 54.2345, 54.47, 12086750
10/25/21, 54.38, 54.47, 54.015, 54.23, 11855030
10/22/21, 54.39, 54.53, 54.07, 54.45, 12828800
10/21/21, 54.60, 54.67, 54.21, 54.35, 14388310
10/20/21, 54.18, 54.76, 54.11, 54.63, 12474870
10/19/21, 54.04, 54.20, 53.77, 54.15, 11068620
10/18/21, 54.35, 54.39, 53.86, 53.94, 15861790
10/15/21, 54.64, 54.88, 54.285, 54.48, 17867141
10/14/21, 54.39, 54.805, 54.31, 54.61, 13704290
10/13/21, 54.17, 54.43, 53.79, 54.24, 12143660
10/12/21, 54.42, 54.83, 54.22, 54.23, 19474369
10/11/21, 54.21, 54.39, 54.01, 54.23, 12378520
10/08/21, 54.00, 54.39, 53.895, 54.12, 13786820
10/07/21, 53.99, 54.28, 53.81, 53.88, 13774370
10/06/21, 52.77, 53.765, 52.51, 53.71, 21284529
10/05/21, 53.02, 53.47, 52.93, 53.08, 17173141
10/04/21, 53.06, 53.525, 52.40, 52.99, 18973449
10/01/21, 52.78, 53.20, 52.5707, 53.02, 16277410
09/30/21, 53.17, 53.325, 52.43, 52.47, 17674369
09/29/21, 52.64, 53.155, 52.56, 52.96, 13941470
09/28/21, 53.46, 53.46, 52.43, 52.64, 19926090
09/27/21, 53.85, 54.245, 53.57, 53.61, 12429470
09/24/21, 54.00, 54.24, 53.86, 53.89, 9682234
09/23/21, 54.26, 54.6175, 54.00, 54.04, 13836220
09/22/21, 54.505, 54.56, 54.0623, 54.13, 12719720
09/21/21, 54.39, 54.82, 53.94, 54.05, 16418160
09/20/21, 54.11, 54.40, 53.7273, 54.06, 27542449
09/17/21, 55.02, 55.194, 54.37, 54.44, 33383191
09/16/21, 55.72, 55.985, 54.82, 55.35, 17430420
09/15/21, 55.68, 56.00, 55.42, 55.88, 15745980
09/14/21, 55.92, 55.98, 55.55, 55.69, 13918850
09/13/21, 55.74, 56.395, 55.74, 56.07, 20274270
09/10/21, 56.01, 56.13, 55.515, 55.61, 10573710
09/09/21, 56.18, 56.42, 55.80, 55.86, 12545370
09/08/21, 55.61, 56.48, 55.61, 56.42, 12040070
09/07/21, 56.60, 56.69, 55.51, 55.67, 20037971
09/03/21, 56.46, 56.765, 56.245, 56.73, 13220670
09/02/21, 56.77, 57.03, 56.41, 56.77, 11654230
09/01/21, 56.38, 56.80, 56.28, 56.69, 9519203
08/31/21, 56.16, 56.515, 56.00, 56.31, 14185710
08/30/21, 55.69, 56.20, 55.64, 56.18, 10034680
08/27/21, 55.66, 55.785, 55.45, 55.65, 8844146
08/26/21, 55.95, 55.98, 55.51, 55.54, 10331490
08/25/21, 56.06, 56.17, 55.73, 56.07, 11270670
08/24/21, 56.64, 56.64, 55.90, 56.01, 12067190
08/23/21, 56.67, 56.75, 56.38, 56.44, 8912813
08/20/21, 56.84, 57.0299, 56.58, 56.64, 10543570
08/19/21, 56.06, 56.98, 55.95, 56.86, 9223662
08/18/21, 57.19, 57.23, 56.42, 56.50, 13873730
08/17/21, 57.46, 57.555, 57.01, 57.28, 10346450
08/16/21, 57.20, 57.49, 57.03, 57.48, 7973528
08/13/21, 56.81, 57.30, 56.771, 57.23, 7714175
08/12/21, 56.73, 56.98, 56.73, 56.84, 6169450
08/11/21, 56.89, 57.18, 56.71, 56.73, 8370669
08/10/21, 56.84, 57.17, 56.655, 56.80, 10906920
08/09/21, 56.795, 56.88, 56.4308, 56.65, 8859893
08/06/21, 56.60, 56.74, 56.44, 56.64, 10409250
08/05/21, 56.44, 56.59, 56.29, 56.50, 9806780
08/04/21, 56.75, 56.95, 56.0101, 56.10, 11888360
08/03/21, 57.00, 57.00, 56.745, 56.92, 8825480
08/02/21, 57.20, 57.24, 56.705, 56.88, 9777990
07/30/21, 57.15, 57.25, 56.90, 57.03, 11727290
07/29/21, 57.07, 57.25, 56.86, 57.05, 9599110
07/28/21, 56.99, 57.16, 56.629, 56.74, 9857959
07/27/21, 57.11, 57.54, 56.92, 57.26, 12794360
07/26/21, 56.89, 57.12, 56.56, 57.06, 8681136
07/23/21, 56.59, 57.33, 56.45, 57.01, 12143960
07/22/21, 56.62, 56.74, 56.05, 56.47, 13402710
07/21/21, 57.33, 57.56, 56.425, 56.55, 20918160
07/20/21, 55.73, 56.3299, 55.52, 55.83, 16257890
07/19/21, 56.08, 56.35, 55.16, 55.73, 19526980
07/16/21, 56.46, 56.68, 56.26, 56.40, 14860540
07/15/21, 56.24, 56.47, 55.91, 56.44, 15068180
07/14/21, 55.02, 56.3499, 54.96, 56.26, 22002680
07/13/21, 54.95, 55.295, 54.75, 55.02, 15170810
07/12/21, 54.32, 54.595, 54.27, 54.48, 15107580
07/09/21, 54.25, 54.52, 54.18, 54.46, 10847010
07/08/21, 54.01, 54.165, 53.735, 54.13, 11943920
07/07/21, 53.72, 54.375, 53.72, 54.32, 14377870
07/06/21, 53.99, 54.09, 53.55, 53.88, 15278170
07/02/21, 54.00, 54.45, 54.00, 54.18, 10605050
07/01/21, 54.34, 54.48, 53.855, 53.96, 13214700
06/30/21, 53.80, 54.18, 53.75, 54.11, 14614200
06/29/21, 54.13, 54.34, 53.72, 53.86, 12300920
06/28/21, 54.25, 54.37, 54.00, 54.26, 10556910
06/25/21, 54.24, 54.47, 54.01, 54.32, 18880340
06/24/21, 54.26, 54.415, 54.00, 54.39, 11488440
06/23/21, 54.56, 54.60, 54.11, 54.12, 12339160
06/22/21, 54.34, 54.85, 54.255, 54.56, 13072840
06/21/21, 54.22, 54.43, 54.00, 54.36, 14404310
06/18/21, 54.51, 54.62, 53.72, 53.77, 31445561
06/17/21, 54.67, 55.15, 54.645, 54.95, 10658390
06/16/21, 55.44, 55.46, 54.64, 54.67, 15211720
06/15/21, 55.78, 55.79, 55.19, 55.41, 11154220
06/14/21, 55.69, 55.71, 55.20, 55.55, 9710829
06/11/21, 55.99, 56.21, 55.655, 56.16, 11825800
06/10/21, 55.91, 56.12, 55.76, 55.91, 12444370
06/09/21, 55.75, 55.92, 55.48, 55.48, 9838835
06/08/21, 56.25, 56.25, 55.545, 55.65, 10968280
06/07/21, 56.31, 56.34, 55.81, 56.04, 14011110
06/04/21, 55.90, 56.48, 55.78, 56.24, 18935061
06/03/21, 55.18, 55.74, 55.10, 55.64, 17364320
06/02/21, 55.50, 55.56, 55.26, 55.50, 11328700
06/01/21, 55.34, 55.65, 55.095, 55.28, 13304330
05/28/21, 55.35, 55.71, 55.20, 55.29, 17011949
05/27/21, 55.21, 55.57, 54.775, 55.49, 59109566
05/26/21, 54.98, 55.05, 54.59, 55.03, 16064280
05/25/21, 54.82, 54.82, 54.345, 54.79, 11916450
05/24/21, 54.63, 54.93, 54.49, 54.80, 10326140
05/21/21, 54.80, 55.115, 54.22, 54.62, 16033220
05/20/21, 54.12, 54.80, 54.12, 54.65, 10948430
05/19/21, 54.12, 54.18, 53.61, 54.17, 15126120
05/18/21, 54.39, 54.5599, 54.10, 54.34, 13232500
05/17/21, 54.84, 55.02, 54.50, 54.64, 12115470
05/14/21, 54.90, 55.10, 54.69, 54.73, 11725560
05/13/21, 53.97, 54.775, 53.83, 54.51, 15476900
05/12/21, 54.36, 54.555, 53.875, 54.04, 15836460
05/11/21, 55.03, 55.14, 54.045, 54.32, 12986730
05/10/21, 54.88, 55.495, 54.831, 54.91, 15545820
05/07/21, 54.44, 54.77, 54.16, 54.51, 10637480
05/06/21, 54.12, 54.605, 54.05, 54.54, 11572700
05/05/21, 54.14, 54.24, 53.713, 54.00, 9665703
05/04/21, 54.57, 54.62, 53.94, 54.14, 14151240
05/03/21, 54.27, 54.795, 54.16, 54.48, 10417920
04/30/21, 54.25, 54.27, 53.69, 53.98, 14912570
04/29/21, 53.54, 54.36, 53.43, 54.26, 15390990
04/28/21, 53.98, 54.047, 53.435, 53.59, 10868140
04/27/21, 53.56, 53.70, 53.32, 53.58, 9074440
04/26/21, 54.47, 54.51, 53.58, 53.66, 11684630
04/23/21, 54.40, 54.59, 54.17, 54.47, 9023480
04/22/21, 54.47, 54.865, 54.315, 54.44, 12558860
04/21/21, 54.24, 54.74, 54.24, 54.61, 13866500
04/20/21, 53.84, 54.59, 53.81, 54.17, 14419250
04/19/21, 54.00, 54.3582, 53.30, 54.00, 19352939
04/16/21, 53.74, 53.80, 53.375, 53.68, 17974109
04/15/21, 53.13, 53.66, 53.12, 53.33, 13078100
04/14/21, 52.98, 53.19, 52.645, 53.08, 9787597
04/13/21, 53.04, 53.285, 52.81, 53.09, 11071690
04/12/21, 53.33, 53.55, 53.095, 53.35, 8565279
04/09/21, 53.17, 53.28, 52.81, 53.18, 10828170
04/08/21, 53.17, 53.38, 52.97, 53.12, 9695561
04/07/21, 53.28, 53.50, 53.12, 53.28, 10062690
04/06/21, 53.04, 53.65, 52.90, 53.19, 15614270
04/05/21, 52.35, 53.215, 52.29, 52.81, 16368720
04/02/21, 52.51, 52.51, 52.51, 52.51, 0
04/01/21, 52.96, 53.15, 52.455, 52.51, 15834730
03/31/21, 53.03, 53.17, 52.50, 52.71, 15826470
03/30/21, 53.75, 53.79, 52.925, 53.15, 14871750
03/29/21, 52.73, 53.94, 52.71, 53.85, 17514070
03/26/21, 52.14, 53.11, 51.76, 53.04, 17126689
03/25/21, 51.70, 52.06, 51.17, 52.02, 17091939
03/24/21, 51.17, 51.89, 51.15, 51.52, 14997370
03/23/21, 50.99, 51.65, 50.825, 51.39, 16936689
03/22/21, 50.32, 51.08, 50.32, 51.00, 17911391
03/19/21, 50.46, 51.08, 50.17, 50.81, 67845719
03/18/21, 51.06, 51.19, 50.485, 50.57, 18007311
03/17/21, 51.25, 51.62, 51.15, 51.24, 17502650
03/16/21, 51.20, 51.52, 51.04, 51.22, 14214190
03/15/21, 50.50, 51.12, 50.47, 51.03, 13414080
03/12/21, 50.59, 50.679, 50.20, 50.36, 17598590
03/11/21, 51.41, 51.43, 50.81, 50.88, 17417650
03/10/21, 51.18, 51.63, 50.715, 51.44, 21331590
03/09/21, 51.72, 51.88, 50.82, 50.86, 23082680
03/08/21, 51.47, 52.49, 51.16, 51.64, 25084869
03/05/21, 50.05, 50.95, 49.90, 50.79, 21310760
03/04/21, 50.31, 51.09, 49.62, 49.94, 22036420
03/03/21, 49.72, 50.56, 49.71, 49.98, 15410670
03/02/21, 49.84, 50.56, 49.70, 50.10, 11755130
03/01/21, 49.44, 50.44, 49.40, 49.90, 13904860
02/26/21, 50.20, 50.21, 48.97, 48.99, 23638350
02/25/21, 50.47, 50.745, 49.98, 50.17, 14211090
02/24/21, 50.39, 50.90, 50.13, 50.71, 14442000
02/23/21, 51.00, 51.51, 50.42, 50.54, 16222250
02/22/21, 49.85, 50.88, 49.67, 50.63, 14370880
02/19/21, 50.79, 50.825, 49.97, 50.11, 15968770
02/18/21, 50.16, 50.845, 50.0316, 50.77, 12749840
02/17/21, 50.00, 50.485, 49.885, 50.13, 12810510
02/16/21, 50.62, 50.72, 50.16, 50.27, 15093410
02/12/21, 50.57, 50.8481, 50.39, 50.69, 13137060
02/11/21, 49.81, 50.59, 49.80, 50.30, 21928580
02/10/21, 50.41, 50.58, 49.53, 49.60, 22965430
02/09/21, 49.85, 50.02, 49.63, 49.70, 14592920
02/08/21, 49.96, 50.17, 49.49, 49.92, 17833221
02/05/21, 49.50, 49.78, 49.27, 49.65, 12742030
02/04/21, 48.96, 49.07, 48.65, 49.01, 20597410
02/03/21, 48.95, 49.0883, 48.67, 48.77, 12274120
02/02/21, 48.80, 49.35, 48.63, 48.96, 13319750
02/01/21, 48.27, 48.69, 48.18, 48.48, 12183610
01/29/21, 49.03, 49.12, 48.11, 48.15, 18670260
01/28/21, 48.69, 49.50, 48.61, 49.15, 17498869
01/27/21, 48.89, 49.32, 48.23, 48.53, 21242410
01/26/21, 48.91, 49.40, 48.61, 49.29, 12922630
01/25/21, 48.42, 48.84, 48.24, 48.78, 16604211
01/22/21, 48.81, 48.94, 48.49, 48.49, 15400350
01/21/21, 48.78, 49.09, 48.46, 48.95, 19707199
01/20/21, 48.54, 48.82, 48.31, 48.68, 23115801
01/19/21, 48.74, 49.04, 48.24, 48.51, 29114471
01/15/21, 49.155, 49.1799, 48.53, 48.70, 24366789
01/14/21, 50.16, 50.18, 49.22, 49.23, 34303578
01/13/21, 49.98, 50.36, 49.9533, 50.16, 18864150
01/12/21, 50.04, 50.3684, 49.76, 50.11, 18538660
01/11/21, 50.62, 50.86, 49.95, 50.20, 19310580
01/08/21, 50.03, 51.125, 49.84, 51.08, 29673949
01/07/21, 50.09, 50.255, 49.52, 49.96, 53225699
01/06/21, 51.97, 52.02, 50.1879, 50.52, 38724520
01/05/21, 52.33, 52.62, 52.03, 52.18, 20323820
01/04/21, 54.27, 54.63, 52.03, 52.76, 25611100
12/31/20, 54.45, 54.93, 54.27, 54.84, 8494972
12/30/20, 54.05, 54.63, 54.03, 54.44, 8142749
12/29/20, 54.45, 54.49, 54.02, 54.13, 8320600
12/28/20, 53.85, 54.435, 53.73, 54.16, 9020482
12/24/20, 53.02, 53.55, 53.02, 53.44, 3265532
12/23/20, 52.95, 53.3861, 52.94, 53.08, 7040628
12/22/20, 52.81, 53.18, 52.39, 52.76, 9691586
12/21/20, 52.68, 53.00, 51.98, 52.81, 14926600
12/18/20, 53.08, 53.84, 52.62, 53.74, 35480121
12/17/20, 53.30, 53.71, 53.15, 53.27, 12677330
12/16/20, 53.60, 53.80, 52.94, 53.06, 15679650
12/15/20, 53.79, 54.22, 53.595, 53.84, 16194490
12/14/20, 53.65, 53.84, 53.18, 53.27, 22292029
12/11/20, 52.80, 53.54, 52.78, 53.35, 10638100
12/10/20, 53.40, 53.51, 52.98, 53.05, 12097340
12/09/20, 53.37, 53.60, 53.00, 53.33, 11508590
12/08/20, 52.94, 53.48, 52.785, 53.18, 12485800
12/07/20, 53.76, 53.78, 52.70, 52.99, 16210860
12/04/20, 52.78, 53.87, 52.76, 53.85, 18122400
12/03/20, 51.90, 52.94, 51.90, 52.78, 17318881
12/02/20, 51.90, 52.13, 51.635, 52.11, 14913070
12/01/20, 52.14, 52.33, 51.785, 52.04, 18969340
11/30/20, 52.09, 52.19, 51.08, 51.60, 43203594
11/27/20, 53.11, 53.19, 52.61, 52.70, 8499289
11/25/20, 53.07, 53.28, 52.79, 52.93, 10194760
11/24/20, 53.14, 53.59, 53.02, 53.22, 13836370
11/23/20, 52.95, 53.17, 52.20, 52.68, 13194020
11/20/20, 53.19, 53.25, 52.59, 52.67, 15647920
11/19/20, 52.49, 53.23, 51.95, 53.13, 17189551
11/18/20, 53.75, 54.02, 52.56, 52.61, 15278210
11/17/20, 53.66, 53.75, 53.025, 53.68, 14248360
11/16/20, 54.50, 54.62, 53.28, 53.85, 14908180
11/13/20, 53.25, 53.50, 52.8901, 53.45, 12449440
11/12/20, 53.05, 53.21, 52.605, 53.01, 15026960
11/11/20, 53.93, 54.30, 53.33, 53.58, 17399920
11/10/20, 52.57, 54.28, 52.45, 53.98, 29706670
11/09/20, 52.50, 53.26, 52.07, 52.57, 33441949
11/06/20, 49.65, 49.99, 49.25, 49.45, 9294903
11/05/20, 49.76, 50.21, 49.34, 49.44, 12452430
11/04/20, 49.43, 50.21, 49.08, 49.17, 12930820
11/03/20, 49.22, 49.96, 49.00, 49.35, 15285090
11/02/20, 48.75, 48.95, 48.24, 48.62, 15156150
10/30/20, 47.81, 48.1216, 47.365, 48.06, 15805000
10/29/20, 47.73, 48.475, 47.30, 48.02, 15369880
10/28/20, 49.00, 49.15, 47.78, 47.96, 19886160
10/27/20, 49.81, 50.285, 49.5533, 49.90, 13892110
10/26/20, 50.34, 50.51, 49.20, 49.80, 14696400
10/23/20, 51.00, 51.18, 50.465, 50.52, 13491270
10/22/20, 51.17, 51.20, 50.38, 50.68, 20189230
10/21/20, 49.96, 50.43, 49.77, 49.99, 12517410
10/20/20, 49.89, 50.62, 49.79, 50.25, 10972730
10/19/20, 50.03, 50.48, 49.46, 49.62, 9930443
10/16/20, 49.99, 50.35, 49.87, 50.03, 13570890
10/15/20, 49.40, 50.13, 49.30, 49.99, 9963190
10/14/20, 50.05, 50.49, 49.65, 50.12, 10582940
10/13/20, 50.99, 50.99, 49.90, 50.22, 14365290
10/12/20, 50.84, 51.525, 50.83, 51.09, 11386510
10/09/20, 50.67, 51.23, 50.60, 50.81, 11407810
10/08/20, 49.71, 50.54, 49.535, 50.46, 12143920
10/07/20, 49.02, 49.76, 48.95, 49.56, 10135650
10/06/20, 49.55, 49.725, 48.83, 48.94, 10077430
10/05/20, 49.43, 49.55, 49.12, 49.38, 10628740
10/02/20, 48.76, 49.58, 48.55, 49.36, 13610070
10/01/20, 49.44, 49.6577, 48.59, 49.18, 17577260
09/30/20, 49.27, 49.62, 48.8916, 49.37, 15755900
09/29/20, 49.39, 49.555, 48.91, 48.92, 12427770
09/28/20, 49.31, 49.71, 49.14, 49.28, 11215710
09/25/20, 48.20, 48.76, 47.98, 48.72, 12603380
09/24/20, 48.21, 49.10, 47.56, 48.70, 16788100
09/23/20, 49.73, 49.92, 48.17, 48.21, 17121211
09/22/20, 49.11, 50.035, 49.07, 49.66, 13034620
09/21/20, 49.75, 50.02, 48.605, 49.09, 17514770
09/18/20, 50.75, 51.155, 50.21, 50.45, 23816600
09/17/20, 50.22, 50.63, 49.94, 50.55, 13287140
09/16/20, 50.95, 51.4462, 50.74, 50.79, 15354680
09/15/20, 51.00, 51.38, 50.84, 51.05, 12838390
09/14/20, 50.97, 51.23, 50.57, 50.71, 10911660
09/11/20, 50.40, 51.20, 50.10, 51.06, 18272340
09/10/20, 50.35, 50.675, 49.95, 50.00, 15439510
09/09/20, 49.60, 50.755, 49.55, 50.19, 15252280
09/08/20, 50.93, 51.04, 49.36, 49.81, 17776750
09/04/20, 50.94, 51.465, 50.28, 51.04, 21019551
09/03/20, 51.40, 52.1378, 50.10, 50.48, 22289381
09/02/20, 49.36, 51.36, 49.36, 51.19, 26332631
09/01/20, 49.31, 49.35, 48.83, 49.12, 12590430
08/31/20, 49.80, 50.07, 49.35, 49.53, 18510779
08/28/20, 48.75, 49.85, 48.53, 49.83, 16420260
08/27/20, 48.25, 48.82, 48.20, 48.23, 10931640
08/26/20, 47.76, 48.18, 47.47, 48.16, 10124150
08/25/20, 48.00, 48.05, 47.65, 47.91, 7827833
08/24/20, 47.43, 47.98, 47.175, 47.97, 9257725
08/21/20, 47.34, 47.495, 46.97, 47.28, 14734120
08/20/20, 47.27, 47.60, 47.0923, 47.35, 11308740
08/19/20, 48.12, 48.38, 47.22, 47.37, 17371039
08/18/20, 48.20, 48.50, 47.96, 48.42, 9828985
08/17/20, 48.32, 48.75, 48.20, 48.21, 9102364
08/14/20, 48.34, 48.69, 48.03, 48.45, 10075810
08/13/20, 48.26, 48.73, 48.06, 48.38, 9882909
08/12/20, 48.30, 48.69, 48.12, 48.43, 9564025
08/11/20, 48.46, 48.6527, 47.70, 47.93, 16531561
08/10/20, 48.06, 48.275, 47.66, 47.72, 11887960
08/07/20, 47.47, 48.08, 47.21, 47.80, 11669710
08/06/20, 46.66, 47.53, 46.60, 47.48, 10745030
08/05/20, 46.90, 47.265, 46.81, 47.22, 10561640
08/04/20, 46.29, 46.86, 46.22, 46.69, 11707040
08/03/20, 47.14, 47.36, 46.23, 46.30, 14141810
07/31/20, 47.44, 47.77, 46.73, 47.24, 14850570
07/30/20, 47.67, 48.23, 47.20, 47.69, 17276480
07/29/20, 48.14, 48.50, 47.82, 48.02, 13758070
07/28/20, 48.34, 49.28, 48.10, 48.18, 13872700
07/27/20, 48.18, 48.51, 48.18, 48.48, 17346529
07/24/20, 48.40, 48.80, 48.07, 48.49, 16196840
07/23/20, 48.47, 48.5682, 48.03, 48.28, 15934950
07/22/20, 47.93, 48.515, 47.03, 48.48, 29831180
07/21/20, 47.52, 47.99, 46.931, 47.20, 25686340
07/20/20, 46.72, 46.83, 45.85, 46.12, 16633180
07/17/20, 46.47, 46.91, 46.125, 46.82, 13906060
07/16/20, 46.26, 46.69, 45.94, 46.15, 13306110
07/15/20, 46.30, 47.19, 46.20, 46.40, 23738000
07/14/20, 44.91, 45.94, 44.6711, 45.87, 17080131
07/13/20, 45.53, 45.675, 44.96, 45.25, 16705350
07/10/20, 43.88, 45.25, 43.86, 45.15, 15627760
07/09/20, 45.05, 45.05, 43.825, 43.91, 16087070
07/08/20, 45.14, 45.18, 44.47, 45.07, 13851200
07/07/20, 45.00, 45.495, 44.80, 45.21, 13043560
07/06/20, 45.14, 45.27, 44.605, 45.23, 15146040
07/02/20, 45.29, 45.43, 44.80, 44.88, 15111890
07/01/20, 44.93, 45.53, 44.71, 44.82, 14316520
06/30/20, 44.25, 44.83, 44.04, 44.68, 23679840
06/29/20, 44.00, 44.57, 43.55, 44.36, 17603891
06/26/20, 44.92, 45.01, 43.51, 43.57, 21955061
06/25/20, 44.47, 44.98, 44.03, 44.93, 13829650
06/24/20, 45.37, 45.44, 44.50, 44.65, 17631820
06/23/20, 46.00, 46.29, 45.58, 45.64, 14675300
06/22/20, 46.03, 46.15, 45.38, 45.74, 20876170
06/19/20, 47.77, 47.79, 46.02, 46.02, 30432090
06/18/20, 46.30, 47.04, 46.07, 46.99, 9380779
06/17/20, 46.78, 47.06, 46.44, 46.58, 12602790
06/16/20, 47.56, 47.685, 46.19, 46.77, 18808010
06/15/20, 44.57, 46.45, 44.47, 46.30, 15627070
06/12/20, 46.21, 46.25, 45.01, 45.60, 21822740
06/11/20, 47.81, 47.92, 45.46, 45.54, 26070381
06/10/20, 49.16, 49.265, 48.57, 48.62, 15716570
06/09/20, 49.59, 49.59, 48.68, 49.00, 16713660
06/08/20, 49.54, 49.97, 49.47, 49.85, 19896660
06/05/20, 48.54, 49.49, 48.46, 49.09, 20504801
06/04/20, 47.94, 48.265, 47.38, 47.92, 13604670
06/03/20, 47.27, 48.115, 47.12, 47.90, 15508290
06/02/20, 47.16, 47.28, 46.56, 46.90, 15255150
06/01/20, 46.66, 47.23, 46.59, 46.99, 17013039
05/29/20, 46.68, 47.19, 46.14, 46.68, 51129922
05/28/20, 47.30, 47.46, 46.82, 47.09, 16234420
05/27/20, 47.00, 47.09, 46.165, 46.73, 18447619
05/26/20, 46.92, 46.93, 45.93, 46.09, 22223100
05/22/20, 45.22, 45.305, 44.65, 45.03, 13008410
05/21/20, 46.08, 46.09, 45.03, 45.17, 13193530
05/20/20, 45.20, 46.17, 45.02, 45.89, 22295930
05/19/20, 45.01, 45.33, 44.25, 44.54, 17839920
05/18/20, 44.82, 45.39, 44.13, 44.97, 26122330
05/15/20, 43.96, 44.69, 43.20, 43.26, 31579430
05/14/20, 43.38, 44.06, 43.23, 43.70, 18000820
05/13/20, 44.71, 44.78, 43.5217, 43.94, 15854780
05/12/20, 45.60, 45.85, 44.80, 44.82, 13424420
05/11/20, 45.69, 46.11, 45.52, 45.54, 10874600
05/08/20, 45.08, 46.22, 44.88, 46.11, 13987840
05/07/20, 45.15, 45.24, 44.50, 44.60, 16474650
05/06/20, 45.40, 45.63, 44.72, 44.75, 11892890
05/05/20, 45.36, 46.10, 45.15, 45.40, 13370530
05/04/20, 45.32, 45.48, 44.60, 45.14, 22544160
05/01/20, 45.62, 46.39, 45.21, 45.60, 14290420
04/30/20, 47.00, 47.00, 45.70, 45.89, 20801090
04/29/20, 47.27, 47.86, 46.88, 47.12, 15780000
04/28/20, 47.90, 48.00, 46.57, 46.74, 17246699
04/27/20, 46.00, 46.975, 45.71, 46.78, 19175539
04/24/20, 45.50, 45.75, 45.1201, 45.43, 15177580
04/23/20, 45.95, 46.10, 44.97, 45.07, 17668170
04/22/20, 46.05, 46.145, 45.50, 45.68, 15815150
04/21/20, 45.88, 46.9014, 44.26, 45.38, 26863721
04/20/20, 47.79, 48.00, 46.31, 46.53, 18957920
04/17/20, 48.30, 48.30, 47.37, 48.06, 19844641
04/16/20, 47.40, 47.85, 46.76, 47.10, 17606779
04/15/20, 47.71, 48.40, 47.41, 47.61, 12893170
04/14/20, 47.94, 49.25, 46.93, 48.92, 21801881
04/13/20, 48.35, 48.64, 46.50, 46.93, 19586020
04/09/20, 48.44, 49.73, 48.35, 49.00, 19167279
04/08/20, 46.64, 48.09, 46.33, 47.82, 18937131
04/07/20, 48.50, 48.60, 46.48, 46.51, 21279570
04/06/20, 45.39, 47.01, 44.69, 46.67, 22754200
04/03/20, 43.58, 44.335, 43.31, 43.83, 14207110
04/02/20, 42.22, 44.19, 41.8623, 43.95, 17621881
04/01/20, 42.48, 43.65, 41.80, 42.12, 21936410
03/31/20, 45.07, 45.51, 44.06, 44.25, 25373930
03/30/20, 43.04, 45.56, 43.04, 45.00, 23445971
03/27/20, 43.66, 44.03, 42.40, 42.81, 23297900
03/26/20, 42.84, 45.27, 42.45, 44.29, 37828289
03/25/20, 40.63, 43.45, 39.91, 41.61, 42511648
03/24/20, 41.22, 41.40, 38.83, 39.45, 49096207
03/23/20, 38.755, 38.8862, 36.27, 37.56, 44978500
03/20/20, 41.95, 42.07, 37.51, 38.30, 51513500
03/19/20, 44.36, 44.66, 41.04, 41.83, 41956848
03/18/20, 44.74, 45.15, 41.59, 44.85, 35408289
03/17/20, 45.88, 47.50, 45.37, 47.18, 32106680
03/16/20, 42.24, 47.88, 41.17, 45.26, 28682289
03/13/20, 49.51, 49.56, 46.605, 48.47, 33697152
03/12/20, 48.54, 49.93, 46.69, 47.16, 31913100
03/11/20, 52.35, 52.65, 51.14, 52.21, 22660711
03/10/20, 53.22, 53.795, 51.17, 53.66, 27457400
03/09/20, 52.05, 53.58, 51.475, 51.86, 27898260
03/06/20, 54.94, 55.91, 53.98, 55.26, 22353930
03/05/20, 57.80, 58.17, 56.19, 56.74, 17948490
03/04/20, 56.41, 59.00, 56.41, 58.92, 20526141
03/03/20, 56.76, 57.49, 55.64, 56.06, 27099170
03/02/20, 53.93, 55.96, 53.70, 55.92, 25698631
02/28/20, 53.83, 53.89, 51.58, 53.49, 40891820
02/27/20, 57.15, 57.89, 54.88, 54.93, 23754010
02/26/20, 57.98, 58.47, 57.475, 57.60, 15839660
02/25/20, 58.70, 59.20, 57.62, 57.82, 15915090
02/24/20, 59.11, 59.80, 58.57, 58.65, 14415500
02/21/20, 59.51, 60.13, 59.43, 60.13, 10842360
02/20/20, 59.68, 59.86, 59.11, 59.72, 7597337
02/19/20, 59.51, 60.00, 59.47, 59.77, 6265794
02/18/20, 59.81, 59.93, 59.45, 59.53, 10076120
02/14/20, 59.63, 60.07, 59.62, 59.95, 9965811
02/13/20, 59.38, 59.84, 59.21, 59.61, 8173191
02/12/20, 59.48, 59.765, 59.315, 59.41, 9179101
02/11/20, 59.72, 59.80, 59.32, 59.59, 7431244
02/10/20, 59.32, 59.84, 59.285, 59.75, 7984915
02/07/20, 58.88, 59.315, 58.85, 59.19, 8757800
02/06/20, 58.98, 59.34, 58.84, 58.99, 9347024
02/05/20, 58.90, 59.08, 58.535, 58.85, 11414910
02/04/20, 58.75, 59.45, 58.62, 58.84, 15417920
02/03/20, 58.75, 58.97, 58.52, 58.58, 12336760
01/31/20, 58.97, 59.075, 58.145, 58.40, 17685230
01/30/20, 57.93, 58.98, 57.76, 58.86, 20225580
01/29/20, 57.00, 57.2571, 56.66, 57.01, 13173960
01/28/20, 57.45, 57.75, 56.97, 57.01, 15240430
01/27/20, 57.21, 57.85, 57.13, 57.48, 14359940
01/24/20, 57.85, 57.87, 57.46, 57.68, 8594325
01/23/20, 57.38, 57.845, 57.24, 57.83, 12858950
01/22/20, 57.25, 57.64, 57.1799, 57.61, 12869730
01/21/20, 56.85, 57.245, 56.5745, 57.17, 11968920
01/17/20, 56.87, 57.15, 56.80, 56.94, 14264300
01/16/20, 56.85, 56.95, 56.605, 56.82, 10234420
01/15/20, 56.00, 56.98, 56.00, 56.70, 17735381
01/14/20, 56.24, 56.292, 55.83, 56.00, 16347160
01/13/20, 55.53, 56.23, 55.42, 56.13, 14303170
01/10/20, 55.48, 55.93, 55.45, 55.53, 13041110
01/09/20, 55.00, 55.395, 54.839, 55.34, 15410150
01/08/20, 54.27, 54.64, 54.15, 54.35, 10676710
01/07/20, 54.45, 54.60, 54.15, 54.25, 10230670
01/06/20, 54.65, 54.905, 54.52, 54.67, 14698440
01/03/20, 54.32, 54.99, 54.09, 54.69, 11354500
01/02/20, 55.32, 55.43, 54.76, 54.99, 11099120
12/31/19, 55.20, 55.38, 54.98, 55.35, 7982821
12/30/19, 55.18, 55.385, 55.06, 55.27, 6432611
12/27/19, 55.01, 55.445, 55.00, 55.35, 6895612
12/26/19, 54.92, 55.02, 54.79, 55.02, 6228683
12/24/19, 54.80, 55.00, 54.64, 54.71, 3359259
12/23/19, 55.00, 55.24, 54.84, 54.91, 9300763
12/20/19, 54.94, 55.20, 54.47, 54.97, 23833289
12/19/19, 54.04, 54.34, 53.92, 54.32, 15150940
12/18/19, 54.53, 54.75, 53.885, 53.91, 15132350
12/17/19, 54.40, 54.58, 54.29, 54.42, 9230076
12/16/19, 54.69, 54.83, 54.37, 54.42, 9538429
12/13/19, 53.94, 54.55, 53.84, 54.42, 13072160
12/12/19, 54.01, 54.45, 53.94, 54.14, 11233470
12/11/19, 53.94, 54.15, 53.66, 53.95, 8879196
12/10/19, 54.04, 54.07, 53.73, 53.77, 8994061
12/09/19, 54.30, 54.51, 54.02, 54.07, 13925130
12/06/19, 54.31, 54.50, 54.17, 54.42, 7843836
12/05/19, 54.21, 54.29, 53.83, 54.19, 14069780
12/04/19, 53.80, 54.31, 53.72, 54.29, 13624910
12/03/19, 53.71, 53.84, 53.40, 53.80, 15847770
12/02/19, 53.32, 53.75, 52.85, 53.75, 13182510
11/29/19, 53.70, 53.725, 53.22, 53.40, 7222347
11/27/19, 53.93, 54.10, 53.60, 53.95, 9596440
11/26/19, 53.31, 53.94, 53.22, 53.90, 13240290
11/25/19, 53.28, 53.39, 52.77, 53.22, 10965780
11/22/19, 52.96, 53.1878, 52.75, 53.03, 9113348
11/21/19, 53.11, 53.34, 52.775, 52.96, 7856139
11/20/19, 53.10, 53.40, 53.01, 53.22, 11970310
11/19/19, 53.15, 53.31, 52.87, 53.08, 12679740
11/18/19, 52.68, 53.44, 52.67, 53.03, 13783410
11/15/19, 52.64, 52.68, 52.375, 52.67, 8982554
11/14/19, 52.53, 52.67, 52.35, 52.63, 8660825
11/13/19, 52.18, 52.45, 51.9612, 52.41, 12538460
11/12/19, 51.91, 51.91, 51.5831, 51.71, 12656900
11/11/19, 52.33, 52.37, 51.775, 51.84, 8198919
11/08/19, 52.46, 52.60, 52.09, 52.21, 7141931
11/07/19, 52.88, 53.00, 51.96, 52.29, 11725820
11/06/19, 52.53, 52.80, 52.41, 52.80, 13288900
11/05/19, 52.89, 52.89, 52.12, 52.42, 19283971
11/04/19, 53.96, 54.00, 52.97, 53.14, 17515051
11/01/19, 54.63, 54.74, 53.85, 53.90, 9889529
10/31/19, 53.96, 54.47, 53.85, 54.43, 13981960
10/30/19, 53.52, 54.05, 53.16, 53.94, 8620879
10/29/19, 53.39, 53.66, 53.26, 53.41, 7999726
10/28/19, 53.74, 53.95, 53.37, 53.57, 8866055
10/25/19, 54.55, 54.56, 53.67, 53.75, 9782440
10/24/19, 54.57, 54.817, 54.485, 54.61, 11069470
10/23/19, 54.06, 54.66, 54.01, 54.64, 8648741
10/22/19, 54.23, 54.42, 53.74, 53.85, 9618980
10/21/19, 54.45, 54.56, 53.68, 54.23, 12879180
10/18/19, 55.00, 55.39, 54.45, 54.78, 18122510
10/17/19, 53.69, 54.12, 53.58, 53.79, 13336940
10/16/19, 53.46, 53.57, 53.1341, 53.49, 10675920
10/15/19, 53.43, 53.68, 53.27, 53.51, 9575426
10/14/19, 53.49, 53.68, 53.22, 53.30, 7363270
10/11/19, 53.65, 53.70, 53.195, 53.30, 9433728
10/10/19, 53.55, 53.88, 53.36, 53.66, 9054321
10/09/19, 54.06, 54.065, 53.535, 53.83, 7168098
10/08/19, 53.88, 54.07, 53.45, 53.58, 13558240
10/07/19, 54.33, 54.36, 53.77, 53.87, 6105344
10/04/19, 54.00, 54.54, 53.89, 54.54, 9926618
10/03/19, 53.50, 53.9773, 52.8236, 53.84, 14206690
10/02/19, 54.21, 54.435, 52.90, 53.08, 15384000
10/01/19, 54.53, 54.78, 54.01, 54.65, 14650920
09/30/19, 54.15, 54.68, 54.15, 54.44, 9822826
09/27/19, 54.56, 54.635, 54.00, 54.31, 7941142
09/26/19, 54.47, 54.575, 54.13, 54.39, 11252680
09/25/19, 54.44, 54.48, 54.00, 54.17, 10289530
09/24/19, 54.25, 54.61, 54.04, 54.30, 10336540
09/23/19, 53.91, 54.36, 53.88, 54.14, 6837554
09/20/19, 54.69, 54.69, 53.90, 53.91, 19349480
09/19/19, 54.23, 54.595, 54.13, 54.52, 8088639
09/18/19, 54.20, 54.285, 53.82, 54.23, 9786556
09/17/19, 54.10, 54.697, 53.96, 54.24, 11402940
09/16/19, 54.10, 54.34, 53.63, 53.96, 11172000
09/13/19, 54.48, 54.79, 54.07, 54.26, 11486110
09/12/19, 55.10, 55.31, 54.98, 55.11, 12357890
09/11/19, 54.29, 54.80, 53.9696, 54.77, 9740376
09/10/19, 54.23, 54.44, 53.85, 54.40, 12038560
09/09/19, 55.03, 55.08, 54.36, 54.52, 10814950
09/06/19, 55.44, 55.44, 54.76, 55.23, 9093514
09/05/19, 55.75, 55.77, 55.03, 55.12, 13677160
09/04/19, 55.35, 55.92, 55.30, 55.77, 10733810
09/03/19, 54.98, 55.33, 54.87, 55.30, 12991500
08/30/19, 55.16, 55.22, 54.81, 55.04, 8746708
08/29/19, 55.26, 55.34, 54.60, 55.05, 9262980
08/28/19, 54.66, 55.15, 54.421, 55.11, 10052410
08/27/19, 54.70, 54.945, 54.41, 54.72, 13538720
08/26/19, 54.00, 54.54, 53.73, 54.54, 9227331
08/23/19, 54.42, 54.71, 53.39, 53.74, 14160660
08/22/19, 54.12, 54.64, 54.10, 54.49, 7467949
08/21/19, 54.25, 54.41, 53.85, 54.10, 10886650
08/20/19, 54.62, 54.68, 53.84, 53.88, 8176977
08/19/19, 54.44, 54.78, 54.31, 54.69, 10936540
08/16/19, 53.98, 54.49, 53.95, 54.41, 14288690
08/15/19, 53.43, 54.00, 53.23, 53.87, 12393220
08/14/19, 53.34, 53.965, 52.97, 52.99, 17088930
08/13/19, 52.90, 53.61, 52.87, 53.50, 8657591
08/12/19, 53.28, 53.435, 52.99, 53.20, 6588611
08/09/19, 53.79, 53.90, 53.08, 53.42, 9260870
08/08/19, 53.21, 53.7835, 52.85, 53.69, 10799080
08/07/19, 52.27, 53.39, 51.77, 53.18, 17937039
08/06/19, 51.87, 52.759, 51.61, 52.27, 19903080
08/05/19, 52.39, 52.66, 51.40, 51.65, 19986480
08/02/19, 51.91, 52.73, 51.91, 52.33, 13102310
08/01/19, 52.78, 53.20, 52.01, 52.03, 19527449
07/31/19, 53.51, 53.51, 52.04, 52.63, 16865529
07/30/19, 53.96, 54.30, 53.565, 53.72, 8127139
07/29/19, 54.17, 54.295, 53.9001, 53.99, 12283930
07/26/19, 53.34, 54.31, 53.19, 54.17, 11452090
07/25/19, 53.63, 53.80, 52.715, 53.07, 19134961
07/24/19, 54.12, 54.82, 53.62, 53.78, 15633380
07/23/19, 53.25, 54.635, 52.76, 54.33, 33417949
07/22/19, 51.52, 51.52, 51.13, 51.22, 12095780
07/19/19, 52.14, 52.15, 51.37, 51.39, 10355790
07/18/19, 52.04, 52.1651, 51.67, 52.03, 11912290
07/17/19, 52.22, 52.26, 52.01, 52.18, 8264361
07/16/19, 51.96, 52.47, 51.81, 52.14, 7132540
07/15/19, 52.28, 52.29, 51.865, 52.13, 5876139
07/12/19, 52.25, 52.29, 51.91, 52.12, 7347728
07/11/19, 51.99, 52.06, 51.66, 52.04, 10376530
07/10/19, 51.80, 51.97, 51.655, 51.82, 7620933
07/09/19, 51.72, 51.97, 51.43, 51.59, 10584930
07/08/19, 52.20, 52.33, 51.89, 52.00, 9495084
07/05/19, 51.89, 52.12, 51.48, 52.11, 8916270
07/03/19, 52.00, 52.329, 52.00, 52.10, 7253702
07/02/19, 51.78, 52.05, 51.55, 51.98, 8570397
07/01/19, 51.07, 51.63, 50.78, 51.60, 14983240
06/28/19, 51.27, 51.40, 50.52, 50.92, 16339870
06/27/19, 51.29, 51.40, 50.965, 51.08, 12374920
06/26/19, 51.52, 51.64, 51.085, 51.12, 12405070
06/25/19, 52.00, 52.10, 51.64, 51.76, 11519910
06/24/19, 51.74, 52.20, 51.70, 51.92, 10780170
06/21/19, 51.53, 51.89, 51.41, 51.55, 21264420
06/20/19, 51.50, 51.785, 51.35, 51.66, 10656580
06/19/19, 50.54, 51.24, 50.47, 51.12, 9414126
06/18/19, 51.25, 51.30, 50.53, 50.64, 9221096
06/17/19, 51.25, 51.48, 50.61, 50.87, 12322610
06/14/19, 51.05, 51.53, 51.05, 51.31, 8694261
06/13/19, 51.46, 51.70, 50.775, 51.13, 10353650
06/12/19, 51.50, 52.135, 51.47, 51.64, 11088120
06/11/19, 51.45, 51.59, 51.18, 51.33, 9915822
06/10/19, 51.54, 51.54, 51.09, 51.38, 9737469
06/07/19, 51.47, 52.185, 51.45, 51.49, 15293560
06/06/19, 50.91, 51.54, 50.59, 51.40, 15190440
06/05/19, 50.01, 51.14, 49.685, 50.78, 15837550
06/04/19, 50.00, 50.28, 49.615, 50.00, 12010730
06/03/19, 49.16, 49.98, 49.02, 49.98, 14167450
05/31/19, 49.00, 49.31, 48.78, 49.13, 11368640
05/30/19, 48.72, 49.31, 48.67, 49.25, 9087412
05/29/19, 48.74, 49.03, 48.41, 48.61, 12534850
05/28/19, 49.60, 49.67, 49.03, 49.10, 18614230
05/24/19, 49.82, 49.89, 49.53, 49.61, 6887900
05/23/19, 49.50, 49.90, 49.4601, 49.85, 12199510
05/22/19, 48.78, 49.71, 48.72, 49.65, 16050700
05/21/19, 49.00, 49.03, 48.445, 48.60, 10587370
05/20/19, 49.04, 49.14, 48.76, 48.85, 13850530
05/17/19, 49.27, 49.55, 49.174, 49.20, 11257020
05/16/19, 49.27, 49.66, 49.21, 49.58, 17771461
05/15/19, 48.67, 49.38, 48.60, 49.18, 11422540
05/14/19, 48.53, 49.32, 48.35, 48.69, 16844199
05/13/19, 47.91, 48.13, 47.73, 48.05, 11911500
05/10/19, 47.41, 48.295, 47.40, 48.19, 9653803
05/09/19, 47.80, 47.98, 47.07, 47.40, 11450530
05/08/19, 48.05, 48.23, 47.82, 47.85, 9281542
05/07/19, 48.23, 48.29, 47.77, 48.00, 12487480
05/06/19, 48.33, 48.61, 48.26, 48.47, 8658209
05/03/19, 48.60, 48.96, 48.52, 48.72, 7076949
05/02/19, 48.53, 48.7657, 48.27, 48.39, 8724932
05/01/19, 48.95, 49.075, 48.55, 48.59, 10551590
04/30/19, 48.53, 49.18, 48.39, 49.06, 17912961
04/29/19, 48.17, 48.45, 48.11, 48.42, 9731540
04/26/19, 47.99, 48.45, 47.98, 48.26, 10154300
04/25/19, 47.74, 47.89, 47.47, 47.84, 11444410
04/24/19, 48.03, 48.225, 47.915, 47.98, 15997290
04/23/19, 48.09, 48.72, 47.55, 48.21, 25327961
04/22/19, 47.40, 47.61, 47.015, 47.40, 9834685
04/18/19, 47.33, 47.58, 47.27, 47.48, 12167120
04/17/19, 47.20, 47.545, 47.15, 47.28, 11849260
04/16/19, 47.05, 47.10, 46.70, 46.95, 10804650
04/15/19, 46.88, 47.04, 46.70, 47.00, 10261720
04/12/19, 46.67, 46.9299, 46.57, 46.74, 10690040
04/11/19, 46.72, 46.75, 46.54, 46.71, 7352467
04/10/19, 46.84, 47.00, 46.56, 46.64, 8060254
04/09/19, 46.45, 46.72, 46.27, 46.67, 8641776
04/08/19, 46.54, 46.57, 46.265, 46.55, 9421519
04/05/19, 46.49, 46.58, 46.20, 46.47, 7677796
04/04/19, 46.34, 46.54, 46.11, 46.48, 7814918
04/03/19, 46.42, 46.59, 46.035, 46.18, 12854520
04/02/19, 46.75, 46.93, 46.57, 46.57, 8495331
04/01/19, 46.99, 47.165, 46.59, 46.72, 11522680
03/29/19, 46.67, 46.905, 46.4801, 46.86, 16045550
03/28/19, 46.68, 46.92, 46.48, 46.58, 11121070
03/27/19, 46.65, 46.905, 46.33, 46.61, 11543630
03/26/19, 46.17, 46.79, 46.17, 46.64, 11434890
03/25/19, 45.86, 46.20, 45.79, 46.03, 11668220
03/22/19, 45.46, 46.105, 45.46, 45.93, 19055939
03/21/19, 45.53, 45.76, 45.44, 45.51, 20043420
03/20/19, 45.40, 45.895, 45.18, 45.53, 13376080
03/19/19, 45.55, 45.69, 45.34, 45.56, 14986950
03/18/19, 45.43, 45.68, 45.36, 45.41, 24006391
03/15/19, 45.72, 45.895, 45.14, 45.30, 47254488
03/14/19, 45.84, 46.11, 45.63, 45.70, 18504230
03/13/19, 46.13, 46.34, 45.91, 46.22, 16222520
03/12/19, 45.95, 46.25, 45.90, 46.05, 19348471
03/11/19, 45.14, 46.235, 45.10, 46.18, 22126900
03/08/19, 45.15, 45.25, 44.61, 44.84, 15579290
03/07/19, 45.49, 45.53, 45.125, 45.28, 12084000
03/06/19, 45.67, 45.785, 45.44, 45.45, 14232160
03/05/19, 45.65, 45.70, 45.40, 45.60, 13062290
03/04/19, 45.53, 45.67, 45.30, 45.65, 15973820
03/01/19, 45.47, 45.64, 45.20, 45.38, 16291590
02/28/19, 45.12, 45.6084, 45.11, 45.34, 22533939
02/27/19, 44.60, 45.02, 44.42, 44.94, 17827609
02/26/19, 45.10, 45.14, 44.66, 44.69, 20463230
02/25/19, 45.44, 45.57, 44.84, 44.94, 23774350
02/22/19, 45.76, 45.95, 45.20, 45.28, 24728391
02/21/19, 45.00, 45.91, 44.96, 45.86, 23121170
02/20/19, 44.91, 45.2354, 44.80, 45.10, 27463980
02/19/19, 45.32, 45.59, 44.77, 44.83, 25511301
02/15/19, 45.90, 46.255, 45.20, 45.24, 35701559
02/14/19, 46.70, 46.96, 45.50, 45.59, 58905398
02/13/19, 49.61, 49.94, 49.56, 49.79, 12748850
02/12/19, 49.69, 49.80, 49.46, 49.66, 10983480
02/11/19, 49.57, 49.88, 49.475, 49.61, 9369282
02/08/19, 49.37, 49.50, 49.11, 49.50, 9813297
02/07/19, 49.17, 49.46, 49.0025, 49.42, 10047850
02/06/19, 49.21, 49.36, 49.02, 49.26, 8689408
02/05/19, 49.33, 49.465, 49.10, 49.26, 12651850
02/04/19, 48.70, 49.45, 48.54, 49.25, 15105740
02/01/19, 48.48, 48.78, 48.40, 48.70, 19130141
01/31/19, 47.85, 48.78, 47.47, 48.13, 32181500
01/30/19, 47.25, 47.89, 47.19, 47.86, 12952460
01/29/19, 47.20, 47.63, 47.13, 47.40, 11998600
01/28/19, 47.22, 47.30, 46.94, 47.17, 9966925
01/25/19, 47.88, 48.025, 47.24, 47.37, 12066680
01/24/19, 48.11, 48.11, 47.375, 47.69, 10271980
01/23/19, 47.82, 48.29, 47.65, 48.27, 12058270
01/22/19, 47.70, 47.79, 47.205, 47.72, 11700440
01/18/19, 47.25, 47.69, 47.12, 47.61, 12760780
01/17/19, 46.92, 47.1385, 46.88, 47.06, 12044610
01/16/19, 47.40, 47.47, 46.86, 46.92, 16907779
01/15/19, 46.89, 47.60, 46.81, 47.57, 11342940
01/14/19, 47.25, 47.3966, 46.99, 47.15, 11514290
01/11/19, 47.29, 47.355, 46.97, 47.34, 11088620
01/10/19, 46.66, 47.09, 46.34, 47.07, 15976610
01/09/19, 47.08, 47.28, 46.43, 46.57, 18032539
01/08/19, 47.25, 47.57, 47.035, 47.48, 15420740
01/07/19, 47.57, 47.75, 46.895, 46.95, 13135480
01/04/19, 46.75, 47.57, 46.64, 47.57, 13013810
01/03/19, 46.82, 47.37, 46.53, 46.64, 14714410
01/02/19, 46.94, 47.215, 46.555, 46.93, 11603720
12/31/18, 47.49, 47.54, 46.96, 47.35, 10576280
12/28/18, 47.89, 48.01, 47.025, 47.20, 13218170
12/27/18, 46.74, 47.55, 46.03, 47.53, 16966520
12/26/18, 45.88, 46.96, 45.66, 46.94, 14342580
12/24/18, 47.62, 47.87, 45.83, 45.96, 10733720
12/21/18, 47.26, 48.75, 47.23, 47.57, 32477699
12/20/18, 47.81, 48.1331, 47.10, 47.54, 21130010
12/19/18, 48.24, 48.76, 47.62, 47.90, 17903820
12/18/18, 48.61, 48.83, 47.85, 48.32, 14765720
12/17/18, 49.34, 49.53, 48.02, 48.33, 18483061
12/14/18, 49.23, 49.52, 49.02, 49.34, 13836070
12/13/18, 48.72, 49.6099, 48.57, 49.47, 13766250
12/12/18, 49.95, 50.02, 49.19, 49.22, 12316940
12/11/18, 49.59, 50.01, 49.18, 49.54, 18083600
12/10/18, 49.45, 49.45, 48.465, 49.24, 12331100
12/07/18, 49.57, 49.68, 48.88, 49.09, 15565700
12/06/18, 49.51, 49.63, 48.66, 49.38, 17674939
12/04/18, 49.97, 50.51, 49.50, 49.58, 19059891
12/03/18, 49.87, 49.96, 48.89, 49.69, 14868770
11/30/18, 49.00, 50.485, 48.99, 50.40, 25538170
11/29/18, 49.28, 49.43, 48.97, 48.98, 11564320
11/28/18, 49.21, 49.72, 49.21, 49.71, 11368690
11/27/18, 48.88, 49.405, 48.73, 49.37, 9180671
11/26/18, 49.01, 49.23, 48.67, 48.87, 9341934
11/23/18, 48.75, 49.23, 48.55, 49.02, 4792475
11/21/18, 49.23, 49.44, 48.59, 48.73, 13559350
11/20/18, 50.82, 50.84, 49.21, 49.38, 16255440
11/19/18, 50.31, 50.76, 50.25, 50.51, 13575800
11/16/18, 49.66, 50.25, 49.63, 50.17, 13405760
11/15/18, 49.66, 49.75, 49.27, 49.74, 12080070
11/14/18, 49.85, 49.94, 49.59, 49.76, 12106790
11/13/18, 49.81, 50.00, 49.58, 49.86, 13873130
11/12/18, 49.61, 50.24, 49.54, 49.87, 13918310
11/09/18, 49.39, 49.89, 49.36, 49.68, 12398310
11/08/18, 49.12, 49.37, 49.10, 49.33, 9762841
11/07/18, 49.39, 49.55, 49.0301, 49.37, 12239750
11/06/18, 48.65, 49.13, 48.60, 49.11, 14373430
11/05/18, 48.00, 48.775, 47.92, 48.69, 16543551
11/02/18, 47.82, 48.00, 47.435, 48.00, 17585061
11/01/18, 47.81, 48.15, 47.295, 47.74, 16494500
10/31/18, 47.50, 48.08, 47.22, 47.88, 25309420
10/30/18, 46.62, 47.74, 46.0384, 47.63, 20895359
10/29/18, 46.15, 46.555, 46.05, 46.46, 20932180
10/26/18, 46.37, 46.48, 45.43, 45.92, 21458109
10/25/18, 46.65, 46.74, 46.12, 46.51, 14220220
10/24/18, 46.33, 47.39, 46.24, 46.73, 21626029
10/23/18, 45.62, 46.455, 45.45, 46.36, 17483859
10/22/18, 46.37, 46.455, 45.81, 45.97, 14283640
10/19/18, 45.83, 46.49, 45.83, 46.33, 13989250
10/18/18, 45.90, 46.08, 45.455, 45.61, 12716850
10/17/18, 45.41, 45.99, 45.36, 45.86, 11055840
10/16/18, 45.02, 45.595, 44.8626, 45.49, 10442520
10/15/18, 44.64, 45.265, 44.59, 44.91, 11608530
10/12/18, 44.48, 44.8799, 44.25, 44.68, 12420080
10/11/18, 45.80, 45.97, 44.50, 44.64, 17677939
10/10/18, 46.30, 46.70, 45.67, 45.68, 13917020
10/09/18, 46.38, 46.55, 46.22, 46.39, 10824550
10/08/18, 45.99, 46.58, 45.97, 46.48, 9808094
10/05/18, 45.94, 46.16, 45.69, 45.88, 8734090
10/04/18, 45.66, 45.895, 45.425, 45.85, 9582388
10/03/18, 46.46, 46.55, 45.80, 45.87, 10542290
10/02/18, 46.28, 46.555, 46.06, 46.51, 7462702
10/01/18, 46.17, 46.35, 46.05, 46.23, 9364735
09/28/18, 46.00, 46.19, 45.97, 46.19, 9071904
09/27/18, 45.73, 46.18, 45.68, 46.01, 10826880
09/26/18, 45.77, 46.07, 45.565, 45.85, 10162560
09/25/18, 46.06, 46.1754, 45.61, 45.68, 7919144
09/24/18, 46.49, 46.53, 45.84, 46.07, 10778890
09/21/18, 46.64, 46.69, 46.375, 46.58, 19240580
09/20/18, 46.22, 46.68, 46.15, 46.64, 9736714
09/19/18, 46.00, 46.105, 45.865, 45.96, 7119133
09/18/18, 46.39, 46.53, 45.93, 45.93, 9847711
09/17/18, 46.00, 46.33, 45.91, 46.32, 8527345
09/14/18, 45.92, 46.0264, 45.61, 45.99, 7612884
09/13/18, 46.01, 46.12, 45.71, 45.83, 8294848
09/12/18, 46.16, 46.30, 46.02, 46.24, 13216380
09/11/18, 46.10, 46.15, 45.88, 46.02, 9278268
09/10/18, 45.91, 46.31, 45.795, 46.06, 8569053
09/07/18, 45.60, 45.82, 45.28, 45.72, 10208110
09/06/18, 45.40, 46.00, 45.30, 45.77, 11439470
09/05/18, 44.66, 45.42, 44.66, 45.38, 10555030
09/04/18, 44.60, 44.90, 44.51, 44.76, 11138580
08/31/18, 45.00, 45.07, 44.39, 44.57, 19834439
08/30/18, 45.28, 45.32, 44.885, 44.95, 9716529
08/29/18, 45.25, 45.415, 45.22, 45.33, 12410930
08/28/18, 45.65, 45.73, 45.28, 45.37, 8476801
08/27/18, 46.05, 46.05, 45.564, 45.69, 9581245
08/24/18, 45.65, 45.80, 45.58, 45.63, 10953100
08/23/18, 45.89, 46.08, 45.69, 45.70, 13144910
08/22/18, 46.34, 46.38, 45.92, 45.93, 7159135
08/21/18, 46.73, 46.75, 46.21, 46.22, 13986290
08/20/18, 46.68, 46.865, 46.59, 46.73, 6392025
08/17/18, 46.29, 46.73, 46.24, 46.60, 8885691
08/16/18, 46.11, 46.38, 45.97, 46.22, 10600730
08/15/18, 45.77, 46.145, 45.65, 46.08, 9686427
08/14/18, 45.91, 46.10, 45.8732, 45.89, 6846114
08/13/18, 46.05, 46.13, 45.70, 45.83, 8143398
08/10/18, 46.21, 46.42, 45.965, 46.08, 7535443
08/09/18, 46.25, 46.42, 46.075, 46.35, 8924087
08/08/18, 46.49, 46.56, 46.1226, 46.15, 6812170
08/07/18, 46.52, 46.61, 46.13, 46.50, 8632949
08/06/18, 46.60, 46.87, 46.55, 46.65, 10056110
08/03/18, 46.23, 46.76, 46.14, 46.62, 11462890
08/02/18, 46.48, 46.63, 46.18, 46.18, 12009750
08/01/18, 46.45, 46.49, 46.17, 46.39, 9904087
07/31/18, 46.40, 46.67, 46.31, 46.63, 12438800
07/30/18, 46.10, 46.44, 46.05, 46.23, 8968168
07/27/18, 46.32, 46.495, 46.06, 46.21, 10516950
07/26/18, 46.36, 46.59, 46.20, 46.24, 12673080
07/25/18, 46.00, 46.58, 45.75, 46.09, 21318609
07/24/18, 44.78, 45.27, 44.61, 45.26, 13786130
07/23/18, 45.28, 45.36, 44.7742, 44.95, 9055748
07/20/18, 45.02, 45.28, 44.90, 45.28, 9059143
07/19/18, 44.99, 45.43, 44.92, 45.11, 10097450
07/18/18, 45.19, 45.285, 44.84, 45.12, 7351566
07/17/18, 44.75, 45.39, 44.68, 45.25, 11592240
07/16/18, 44.73, 44.80, 44.53, 44.73, 5831418
07/13/18, 44.70, 44.78, 44.465, 44.74, 5585980
07/12/18, 44.83, 44.96, 44.49, 44.67, 6331623
07/11/18, 44.99, 45.00, 44.64, 44.79, 7715616
07/10/18, 44.51, 45.00, 44.50, 44.97, 10606150
07/09/18, 44.54, 44.73, 44.34, 44.40, 7373065
07/06/18, 44.67, 44.94, 44.575, 44.64, 8751372
07/05/18, 44.16, 44.67, 44.13, 44.66, 11652990
07/03/18, 44.06, 44.33, 43.99, 43.99, 8214329
07/02/18, 43.78, 44.16, 43.58, 43.75, 9232583
06/29/18, 43.57, 44.10, 43.31, 43.86, 11485550
06/28/18, 43.24, 43.675, 43.17, 43.47, 12668920
06/27/18, 43.33, 43.61, 42.99, 43.07, 15332570
06/26/18, 43.56, 43.84, 43.28, 43.33, 13974670
06/25/18, 43.16, 43.75, 43.16, 43.58, 12092380
06/22/18, 43.15, 43.41, 43.075, 43.25, 16031150
06/21/18, 43.27, 43.30, 42.96, 43.09, 10465210
06/20/18, 43.62, 43.775, 43.23, 43.26, 10893720
06/19/18, 43.30, 43.75, 43.20, 43.60, 12936410
06/18/18, 43.88, 43.955, 43.40, 43.55, 12161940
06/15/18, 43.56, 44.15, 43.45, 44.12, 21562461
06/14/18, 43.75, 43.85, 43.52, 43.58, 12696170
06/13/18, 44.35, 44.52, 44.1515, 44.18, 16745029
06/12/18, 44.13, 44.42, 44.075, 44.41, 8243317
06/11/18, 43.95, 44.245, 43.89, 44.13, 7526128
06/08/18, 43.57, 44.00, 43.56, 43.95, 12078770
06/07/18, 43.33, 43.73, 43.33, 43.44, 11948050
06/06/18, 43.06, 43.46, 43.04, 43.46, 9202924
06/05/18, 43.50, 43.54, 43.10, 43.11, 9975899
06/04/18, 43.36, 43.59, 43.29, 43.49, 11727580
06/01/18, 43.10, 43.32, 43.04, 43.12, 10664650
05/31/18, 43.20, 43.21, 42.68, 43.00, 15571260
05/30/18, 42.77, 43.28, 42.70, 43.13, 10114220
05/29/18, 42.12, 42.85, 42.10, 42.68, 14826880
05/25/18, 42.34, 42.58, 42.20, 42.40, 8806470
05/24/18, 42.40, 42.47, 42.185, 42.32, 9269609
05/23/18, 42.25, 42.45, 41.93, 42.40, 8971427
05/22/18, 42.50, 42.60, 42.205, 42.25, 8222864
05/21/18, 42.31, 42.52, 42.27, 42.41, 9110232
05/18/18, 42.30, 42.38, 42.08, 42.18, 11950170
05/17/18, 42.01, 42.35, 41.87, 42.30, 14857410
05/16/18, 41.74, 41.94, 41.54, 41.55, 11590490
05/15/18, 41.78, 41.92, 41.45, 41.72, 16449730
05/14/18, 42.25, 42.315, 41.90, 42.04, 10715480
05/11/18, 42.24, 42.47, 42.04, 42.14, 6331948
05/10/18, 41.99, 42.36, 41.94, 42.18, 7924184
05/09/18, 41.97, 42.23, 41.67, 41.78, 9295152
05/08/18, 41.97, 42.09, 41.69, 41.81, 15062160
05/07/18, 42.34, 42.49, 41.9642, 42.14, 9335968
05/04/18, 41.79, 42.50, 41.77, 42.36, 10946200
05/03/18, 42.22, 42.40, 41.52, 41.89, 18352240
05/02/18, 42.40, 42.585, 41.94, 42.06, 13736370
05/01/18, 42.96, 42.99, 42.18, 42.59, 11514190
04/30/18, 43.50, 43.69, 42.97, 43.21, 16037690
04/27/18, 42.73, 43.34, 42.71, 43.31, 9777912
04/26/18, 42.40, 43.10, 42.26, 42.75, 13561000
04/25/18, 42.74, 42.89, 41.905, 42.43, 20774730
04/24/18, 43.98, 44.10, 42.73, 43.07, 18523881
04/23/18, 43.74, 43.99, 43.56, 43.98, 11878470
04/20/18, 44.31, 44.41, 43.58, 43.74, 14690700
04/19/18, 44.34, 44.47, 44.015, 44.31, 10370410
04/18/18, 44.90, 44.97, 44.325, 44.51, 7429015
04/17/18, 44.95, 45.03, 44.65, 44.88, 8406404
04/16/18, 44.65, 44.89, 44.40, 44.68, 8962115
04/13/18, 44.19, 44.69, 44.14, 44.51, 10774160
04/12/18, 44.08, 44.405, 43.95, 44.03, 8476392
04/11/18, 43.81, 44.14, 43.76, 43.99, 8424265
04/10/18, 44.07, 44.18, 43.715, 43.99, 10687340
04/09/18, 44.03, 44.31, 43.78, 43.83, 11913410
04/06/18, 44.28, 44.52, 43.71, 43.92, 11495080
04/05/18, 44.28, 44.61, 43.94, 44.40, 11707820
04/04/18, 43.14, 44.40, 43.11, 44.24, 13563320
04/03/18, 42.98, 43.535, 42.84, 43.38, 15484640
04/02/18, 43.44, 43.50, 42.473, 42.67, 14207930
03/29/18, 43.54, 43.92, 43.29, 43.43, 10450500
03/28/18, 43.00, 43.70, 43.00, 43.32, 16277390
03/27/18, 42.70, 43.31, 42.525, 42.89, 11627040
03/26/18, 42.61, 42.8099, 42.25, 42.69, 11276080
03/23/18, 42.82, 43.1556, 42.29, 42.33, 13475210
03/22/18, 42.88, 43.365, 42.70, 42.76, 12274090
03/21/18, 43.13, 43.45, 42.79, 43.00, 13053980
03/20/18, 43.32, 43.48, 43.01, 43.16, 13559810
03/19/18, 43.46, 43.71, 43.175, 43.26, 12380290
03/16/18, 43.70, 44.02, 43.45, 43.46, 26603279
03/15/18, 43.88, 44.00, 43.55, 43.67, 12456710
03/14/18, 44.38, 44.43, 43.725, 43.78, 15321220
03/13/18, 44.67, 44.825, 44.40, 44.57, 11342140
03/12/18, 44.95, 45.09, 44.33, 44.53, 11857700
03/09/18, 44.57, 44.82, 44.39, 44.82, 9778643
03/08/18, 43.90, 44.46, 43.80, 44.45, 12361100
03/07/18, 43.59, 43.92, 43.47, 43.82, 10881680
03/06/18, 43.95, 44.05, 43.59, 43.93, 10010480
03/05/18, 43.57, 43.935, 43.50, 43.89, 11992710
03/02/18, 43.25, 43.80, 43.24, 43.72, 14050080
03/01/18, 43.10, 43.64, 42.82, 43.43, 17746830
02/28/18, 43.83, 43.91, 43.22, 43.22, 11929360
02/27/18, 44.15, 44.311, 43.62, 43.62, 12774390
02/26/18, 44.23, 44.39, 43.81, 44.03, 12713310
02/23/18, 43.58, 44.06, 43.42, 44.04, 8277178
02/22/18, 43.43, 43.82, 43.22, 43.52, 12377840
02/21/18, 44.11, 44.26, 43.33, 43.34, 12792900
02/20/18, 44.75, 44.83, 43.94, 43.99, 14137350
02/16/18, 45.57, 45.6401, 44.72, 44.98, 17202301
02/15/18, 44.25, 44.83, 44.12, 44.78, 13467320
02/14/18, 44.02, 44.19, 43.63, 44.10, 13457910
02/13/18, 43.92, 44.41, 43.69, 44.19, 13163200
02/12/18, 43.56, 44.23, 43.3721, 43.97, 14689030
02/09/18, 43.36, 43.46, 42.19, 43.13, 22853131
02/08/18, 44.62, 44.62, 43.07, 43.10, 23295330
02/07/18, 44.58, 45.495, 44.28, 44.56, 18041609
02/06/18, 43.87, 44.74, 43.44, 44.67, 25184311
02/05/18, 46.65, 46.92, 44.411, 44.89, 23261480
02/02/18, 47.35, 47.41, 46.63, 46.73, 12912310
02/01/18, 47.41, 47.73, 47.11, 47.45, 10279440
01/31/18, 47.45, 47.90, 47.37, 47.59, 10960080
01/30/18, 47.73, 48.16, 47.40, 47.41, 12404760
01/29/18, 48.21, 48.46, 47.575, 47.70, 11662630
01/26/18, 47.78, 48.615, 47.74, 48.53, 16671230
01/25/18, 47.70, 48.00, 47.70, 47.84, 11755000
01/24/18, 47.53, 47.95, 47.48, 47.83, 15964480
01/23/18, 47.21, 47.70, 47.13, 47.45, 11463740
01/22/18, 47.14, 47.50, 47.09, 47.38, 9577437
01/19/18, 46.99, 47.25, 46.87, 47.16, 16187430
01/18/18, 46.75, 47.07, 46.61, 46.88, 11952930
01/17/18, 46.58, 47.00, 46.55, 46.82, 12143080
01/16/18, 46.15, 46.62, 46.14, 46.53, 16459289
01/12/18, 46.28, 46.39, 46.03, 46.15, 14570150
01/11/18, 46.23, 46.23, 45.86, 46.04, 7583180
01/10/18, 46.23, 46.26, 45.93, 46.07, 10700670
01/09/18, 46.00, 46.36, 45.935, 46.23, 9962424
01/08/18, 45.95, 46.10, 45.88, 46.00, 7068611
01/05/18, 46.02, 46.20, 45.79, 46.07, 13113150
01/04/18, 45.56, 46.215, 45.45, 46.08, 12709370
01/03/18, 45.49, 45.69, 45.34, 45.44, 12635590
01/02/18, 45.91, 45.94, 45.505, 45.54, 10872180
12/29/17, 45.70, 46.18, 45.6925, 45.88, 8371536
12/28/17, 45.91, 45.99, 45.64, 45.72, 6538851
12/27/17, 45.90, 45.94, 45.715, 45.93, 5660633
12/26/17, 45.70, 45.855, 45.61, 45.81, 6100436
12/22/17, 45.69, 45.73, 45.55, 45.59, 5406307
12/21/17, 46.14, 46.22, 45.56, 45.60, 9657134
12/20/17, 46.21, 46.30, 45.955, 46.08, 7310961
12/19/17, 46.04, 46.38, 45.91, 46.13, 8253158
12/18/17, 46.20, 46.38, 45.91, 45.93, 10156760
12/15/17, 46.29, 46.42, 46.04, 46.19, 21181609
12/14/17, 45.81, 46.17, 45.80, 46.03, 9028977
12/13/17, 45.45, 46.05, 45.40, 45.90, 12418660
12/12/17, 45.25, 45.52, 45.06, 45.29, 13999340
12/11/17, 45.18, 45.41, 44.92, 45.33, 9698673
12/08/17, 45.70, 45.73, 45.05, 45.31, 13238580
12/07/17, 46.29, 46.32, 45.72, 45.78, 9106494
12/06/17, 46.33, 46.48, 46.2612, 46.45, 8153957
12/05/17, 46.25, 46.44, 46.06, 46.26, 13670760
12/04/17, 45.99, 46.378, 45.77, 46.23, 17523580
12/01/17, 45.80, 46.02, 45.21, 45.97, 12468790
11/30/17, 45.14, 45.84, 45.03, 45.77, 17147590
11/29/17, 45.77, 45.82, 45.21, 45.50, 16502109
11/28/17, 45.99, 46.15, 45.78, 45.83, 8432783
11/27/17, 45.88, 45.99, 45.81, 45.90, 5649156
11/24/17, 45.89, 46.045, 45.86, 45.88, 2996338
11/22/17, 45.89, 45.93, 45.54, 45.84, 8434404
11/21/17, 45.56, 45.95, 45.54, 45.78, 10280790
11/20/17, 45.65, 45.88, 45.42, 45.46, 19160869
11/17/17, 46.34, 46.38, 45.25, 45.71, 19720711
11/16/17, 46.95, 46.98, 46.51, 46.55, 12506380
11/15/17, 47.32, 47.46, 46.78, 46.81, 12419150
11/14/17, 46.71, 47.48, 46.62, 47.43, 17200740
11/13/17, 46.60, 46.815, 46.54, 46.72, 7653580
11/10/17, 46.20, 46.64, 46.135, 46.54, 8022885
11/09/17, 46.12, 46.385, 46.02, 46.23, 6532379
11/08/17, 45.98, 46.19, 45.87, 46.18, 7586867
11/07/17, 45.41, 45.95, 45.31, 45.94, 9868033
11/06/17, 45.91, 45.92, 45.42, 45.47, 7451311
11/03/17, 45.97, 46.155, 45.9166, 45.97, 4730358
11/02/17, 45.81, 45.95, 45.745, 45.88, 8317810
11/01/17, 45.75, 46.09, 45.63, 45.80, 7067635
10/31/17, 45.92, 46.17, 45.84, 45.98, 6560545
10/30/17, 46.00, 46.07, 45.82, 45.86, 7201867
10/27/17, 46.13, 46.33, 45.91, 46.07, 9987969
10/26/17, 46.32, 46.75, 46.22, 46.23, 10569060
10/25/17, 46.37, 46.76, 45.93, 46.05, 11994170
10/24/17, 46.26, 46.29, 45.95, 46.18, 9539484
10/23/17, 46.38, 46.65, 46.23, 46.32, 7153607
10/20/17, 46.58, 46.59, 46.28, 46.38, 9646790
10/19/17, 46.37, 46.79, 46.32, 46.59, 7515545
10/18/17, 46.41, 46.535, 46.24, 46.40, 6272155
10/17/17, 46.53, 46.63, 46.31, 46.52, 7699367
10/16/17, 46.12, 46.75, 46.1003, 46.62, 12708560
10/13/17, 46.25, 46.38, 46.15, 46.18, 7126020
10/12/17, 45.98, 46.14, 45.94, 46.11, 7710216
10/11/17, 45.88, 46.20, 45.87, 46.10, 6638173
10/10/17, 45.60, 45.90, 45.525, 45.87, 6310445
10/09/17, 45.55, 45.65, 45.34, 45.41, 5268348
10/06/17, 45.39, 45.52, 45.28, 45.49, 5437871
10/05/17, 45.51, 45.745, 45.50, 45.52, 10215320
10/04/17, 45.11, 45.56, 44.935, 45.50, 14060340
10/03/17, 44.86, 45.26, 44.76, 45.19, 12038100
10/02/17, 45.05, 45.265, 44.745, 44.80, 10707760
09/29/17, 44.86, 45.11, 44.79, 45.01, 10082220
09/28/17, 44.67, 45.00, 44.65, 44.91, 8789517
09/27/17, 45.47, 45.50, 44.38, 44.64, 14816250
09/26/17, 45.69, 45.87, 45.56, 45.57, 6480138
09/25/17, 45.50, 45.76, 45.35, 45.69, 9215326
09/22/17, 45.45, 45.63, 45.37, 45.49, 8024827
09/21/17, 45.71, 45.79, 45.36, 45.40, 7555292
09/20/17, 45.76, 46.145, 45.55, 45.78, 11026590
09/19/17, 46.14, 46.19, 45.89, 45.98, 7297932
09/18/17, 46.15, 46.24, 45.91, 46.11, 8535331
09/15/17, 46.30, 46.36, 46.00, 46.18, 16141410
09/14/17, 46.40, 46.465, 45.94, 46.11, 13768840
09/13/17, 46.68, 46.98, 46.65, 46.87, 10217990
09/12/17, 46.50, 46.75, 46.45, 46.72, 8567619
09/11/17, 46.35, 46.59, 46.22, 46.52, 10430250
09/08/17, 46.19, 46.37, 46.02, 46.30, 10534920
09/07/17, 46.01, 46.32, 45.96, 46.28, 9418365
09/06/17, 45.98, 46.04, 45.79, 45.96, 9238867
09/05/17, 45.75, 45.93, 45.65, 45.92, 10463900
09/01/17, 45.64, 45.80, 45.54, 45.78, 7391249
08/31/17, 45.40, 45.65, 45.34, 45.55, 14264570
08/30/17, 45.36, 45.54, 45.29, 45.39, 7134910
08/29/17, 45.40, 45.57, 45.25, 45.45, 7762162
08/28/17, 45.63, 45.69, 45.38, 45.42, 8024028
08/25/17, 45.60, 45.76, 45.56, 45.57, 8807143
08/24/17, 45.54, 45.61, 45.31, 45.41, 7534364
08/23/17, 45.63, 45.66, 45.44, 45.54, 6528402
08/22/17, 45.70, 45.75, 45.54, 45.60, 10536720
08/21/17, 45.67, 45.80, 45.5601, 45.68, 9429736
08/18/17, 45.80, 45.90, 45.63, 45.67, 10879790
08/17/17, 46.12, 46.33, 45.85, 45.86, 8476994
08/16/17, 46.15, 46.34, 46.12, 46.20, 8087313
08/15/17, 45.80, 46.25, 45.80, 46.19, 9638061
08/14/17, 45.67, 45.94, 45.62, 45.80, 8421179
08/11/17, 45.86, 45.90, 45.57, 45.59, 8357607
08/10/17, 45.56, 45.84, 45.46, 45.74, 8901554
08/09/17, 45.56, 45.6611, 45.325, 45.59, 9635260
08/08/17, 45.64, 45.82, 45.545, 45.60, 5747919
08/07/17, 45.52, 45.76, 45.50, 45.64, 6226315
08/04/17, 45.67, 45.76, 45.47, 45.50, 9523593
08/03/17, 45.65, 45.95, 45.63, 45.67, 14261400
08/02/17, 45.60, 46.00, 45.38, 45.59, 10187920
08/01/17, 45.97, 46.06, 45.645, 45.70, 10306810
07/31/17, 46.00, 46.0762, 45.79, 45.84, 13622890
07/28/17, 46.00, 46.12, 45.73, 46.01, 11945270
07/27/17, 45.80, 46.425, 45.70, 46.12, 15195170
07/26/17, 44.55, 45.79, 44.31, 45.74, 13608930
07/25/17, 45.02, 45.29, 44.935, 45.24, 14096310
07/24/17, 45.04, 45.045, 44.83, 44.84, 9103586
07/21/17, 44.78, 45.07, 44.67, 45.03, 8545560
07/20/17, 44.90, 44.98, 44.75, 44.82, 7430262
07/19/17, 44.67, 44.84, 44.545, 44.83, 6986937
07/18/17, 44.78, 44.85, 44.615, 44.67, 9037162
07/17/17, 44.66, 44.785, 44.61, 44.73, 7189214
07/14/17, 44.52, 44.72, 44.495, 44.68, 8558718
07/13/17, 44.49, 44.525, 44.37, 44.43, 6371855
07/12/17, 44.59, 44.77, 44.44, 44.51, 7737362
07/11/17, 44.32, 44.48, 44.15, 44.33, 10300710
07/10/17, 44.45, 44.575, 44.23, 44.38, 9671953
07/07/17, 44.47, 44.52, 44.24, 44.39, 9566044
07/06/17, 44.72, 44.85, 44.29, 44.40, 13113020
07/05/17, 44.79, 44.99, 44.73, 44.82, 6853558
07/03/17, 45.11, 45.27, 44.76, 44.76, 6434460
06/30/17, 44.89, 45.12, 44.85, 44.85, 9352785
06/29/17, 45.13, 45.24, 44.65, 44.83, 9283457
06/28/17, 45.25, 45.50, 45.23, 45.32, 9218750
06/27/17, 45.34, 45.395, 45.00, 45.05, 11432190
06/26/17, 45.32, 45.51, 45.30, 45.43, 7747057
06/23/17, 45.05, 45.38, 45.03, 45.25, 9544792
06/22/17, 45.17, 45.28, 45.03, 45.07, 7446300
06/21/17, 45.62, 45.68, 45.165, 45.22, 9515844
06/20/17, 45.35, 45.865, 45.32, 45.61, 14920860
06/19/17, 45.35, 45.38, 45.10, 45.38, 7624663
06/16/17, 45.31, 45.35, 45.01, 45.31, 27025330
06/15/17, 45.18, 45.34, 45.04, 45.25, 9908718
06/14/17, 45.18, 45.47, 45.16, 45.30, 11497520
06/13/17, 45.00, 45.11, 44.80, 45.03, 10023360
06/12/17, 45.35, 45.48, 45.15, 45.33, 11228500
06/09/17, 45.06, 45.35, 44.97, 45.32, 9358824
06/08/17, 45.39, 45.51, 45.03, 45.13, 12879000
06/07/17, 45.50, 45.70, 45.35, 45.51, 12776280
06/06/17, 45.90, 46.06, 45.78, 45.98, 9836725
06/05/17, 45.78, 45.99, 45.69, 45.99, 10015160
06/02/17, 45.83, 45.89, 45.605, 45.89, 9923724
06/01/17, 45.45, 45.79, 45.2332, 45.79, 11049280
05/31/17, 45.43, 45.70, 45.37, 45.47, 14148040
05/30/17, 45.16, 45.46, 45.11, 45.43, 13093540
05/26/17, 45.35, 45.56, 45.33, 45.39, 11341380
05/25/17, 45.00, 45.48, 44.97, 45.41, 16704211
05/24/17, 44.51, 45.09, 44.51, 45.03, 12872040
05/23/17, 44.25, 44.60, 44.21, 44.39, 11996140
05/22/17, 43.89, 44.22, 43.81, 44.18, 12857910
05/19/17, 43.85, 44.00, 43.76, 43.90, 11796760
05/18/17, 43.87, 43.96, 43.64, 43.80, 13832200
05/17/17, 43.81, 44.165, 43.71, 43.93, 14538750
05/16/17, 43.87, 44.11, 43.77, 43.85, 10454120
05/15/17, 43.46, 43.76, 43.46, 43.73, 8493046
05/12/17, 43.64, 43.68, 43.455, 43.59, 7275825
05/11/17, 43.49, 43.68, 43.43, 43.67, 6860135
05/10/17, 43.48, 43.62, 43.36, 43.57, 7597653
05/09/17, 43.89, 43.89, 43.38, 43.51, 8694355
05/08/17, 43.59, 43.91, 43.54, 43.89, 14284340
05/05/17, 43.79, 43.84, 43.56, 43.69, 8133039
05/04/17, 43.42, 43.81, 43.40, 43.66, 10193080
05/03/17, 43.33, 43.485, 43.15, 43.32, 10389030
05/02/17, 43.22, 43.44, 43.16, 43.39, 11823920
05/01/17, 43.15, 43.50, 43.10, 43.22, 13208250
04/28/17, 42.96, 43.20, 42.85, 43.15, 10337770
04/27/17, 43.17, 43.28, 42.92, 43.01, 10386240
04/26/17, 43.06, 43.43, 42.98, 43.24, 13626630
04/25/17, 42.85, 43.43, 42.82, 43.11, 18745109
04/24/17, 43.24, 43.43, 43.15, 43.28, 16703801
04/21/17, 42.98, 43.10, 42.89, 43.07, 13833770
04/20/17, 43.20, 43.30, 43.05, 43.09, 10838270
04/19/17, 43.74, 43.79, 43.19, 43.23, 13893060
04/18/17, 43.11, 43.59, 43.09, 43.48, 13181590
04/17/17, 42.79, 43.07, 42.78, 43.07, 11318090
04/13/17, 42.87, 43.08, 42.78, 42.79, 9891941
04/12/17, 42.54, 42.99, 42.51, 42.94, 13417210
04/11/17, 42.68, 42.75, 42.515, 42.66, 8909379
04/10/17, 42.73, 42.80, 42.5566, 42.69, 9426908
04/07/17, 42.64, 42.74, 42.51, 42.61, 11028770
04/06/17, 42.58, 42.76, 42.47, 42.67, 14597770
04/05/17, 42.65, 42.855, 42.53, 42.57, 10142820
04/04/17, 42.51, 42.69, 42.37, 42.68, 10946230
04/03/17, 42.58, 42.625, 42.27, 42.41, 11240040
03/31/17, 42.55, 42.65, 42.43, 42.44, 11551770
03/30/17, 42.35, 42.6155, 42.26, 42.60, 11999910
03/29/17, 42.51, 42.525, 42.29, 42.42, 9580060
03/28/17, 42.24, 42.56, 42.24, 42.43, 14123760
03/27/17, 42.11, 42.34, 42.05, 42.32, 12387360
03/24/17, 42.23, 42.25, 41.91, 42.12, 13804410
03/23/17, 42.21, 42.39, 42.06, 42.17, 11503320
03/22/17, 42.56, 42.70, 42.25, 42.38, 11605450
03/21/17, 42.31, 42.63, 42.21, 42.50, 17187260
03/20/17, 42.10, 42.34, 42.0701, 42.18, 11484230
03/17/17, 42.28, 42.35, 42.01, 42.03, 37526512
03/16/17, 42.03, 42.39, 41.90, 42.25, 16004190
03/15/17, 41.98, 42.275, 41.97, 42.12, 22757760
03/14/17, 41.98, 42.10, 41.83, 41.97, 9844453
03/13/17, 41.92, 42.12, 41.84, 42.03, 12831540
03/10/17, 42.23, 42.40, 42.15, 42.29, 16369680
03/09/17, 42.09, 42.11, 41.92, 42.03, 14496450
03/08/17, 42.00, 42.025, 41.74, 41.99, 14641690
03/07/17, 42.00, 42.24, 41.95, 41.99, 11273700
03/06/17, 42.34, 42.43, 42.12, 42.18, 16307780
03/03/17, 42.44, 42.49, 42.25, 42.48, 11743030
03/02/17, 42.08, 42.56, 42.07, 42.47, 15507620
03/01/17, 42.01, 42.35, 41.88, 42.16, 14662020
02/28/17, 41.68, 42.07, 41.64, 41.96, 15946820
02/27/17, 41.75, 41.75, 41.585, 41.67, 12186360
02/24/17, 41.70, 41.91, 41.60, 41.78, 13215310
02/23/17, 41.67, 42.00, 41.62, 41.66, 12856840
02/22/17, 41.51, 41.68, 41.40, 41.60, 11186820
02/21/17, 41.20, 41.50, 41.20, 41.46, 17072551
02/17/17, 41.13, 41.36, 41.05, 41.23, 15065150
02/16/17, 40.55, 41.28, 40.50, 41.20, 22214840
02/15/17, 40.42, 40.63, 40.395, 40.44, 26600789
02/14/17, 40.38, 40.60, 40.22, 40.53, 32177840
02/13/17, 40.77, 40.83, 40.50, 40.62, 23617080
02/10/17, 41.02, 41.20, 40.55, 40.58, 28847311
02/09/17, 41.52, 41.68, 40.72, 41.25, 27240270
02/08/17, 41.91, 42.15, 41.84, 42.02, 14219670
02/07/17, 41.70, 41.98, 41.67, 41.90, 13315190
02/06/17, 41.53, 41.67, 41.40, 41.56, 15742820
02/03/17, 41.58, 41.79, 41.455, 41.54, 11882370
02/02/17, 41.41, 41.49, 41.25, 41.40, 9459722
02/01/17, 41.52, 41.66, 41.25, 41.26, 11136080
01/31/17, 41.39, 41.685, 41.36, 41.57, 12677980
01/30/17, 41.30, 41.48, 41.205, 41.38, 11626230
01/27/17, 41.91, 41.95, 41.42, 41.45, 12967360
01/26/17, 42.03, 42.11, 41.79, 41.81, 8977135
01/25/17, 41.94, 42.25, 41.90, 42.12, 12538160
01/24/17, 41.47, 41.97, 41.47, 41.90, 17040100
01/23/17, 41.31, 41.50, 41.21, 41.43, 11628910
01/20/17, 41.27, 41.44, 41.13, 41.32, 14695410
01/19/17, 41.14, 41.29, 41.03, 41.14, 10987070
01/18/17, 41.25, 41.379, 41.14, 41.29, 10390490
01/17/17, 40.84, 41.30, 40.80, 41.22, 12469430
01/13/17, 41.00, 41.04, 40.69, 40.88, 8123494
01/12/17, 41.01, 41.04, 40.80, 40.95, 8541181
01/11/17, 40.85, 41.12, 40.83, 41.05, 9266213
01/10/17, 41.44, 41.44, 40.86, 41.04, 19706779
01/09/17, 41.23, 41.58, 41.21, 41.32, 14822500
01/06/17, 41.70, 41.81, 41.54, 41.74, 10247240
01/05/17, 41.66, 41.86, 41.525, 41.75, 8968258
01/04/17, 41.88, 41.97, 41.59, 41.65, 9959402
01/03/17, 41.50, 41.81, 41.28, 41.80, 14711050
12/30/16, 41.69, 41.84, 41.35, 41.46, 11470190
12/29/16, 41.38, 41.69, 41.38, 41.60, 6875301
12/28/16, 41.49, 41.67, 41.39, 41.39, 8987984
12/27/16, 41.56, 41.76, 41.54, 41.61, 6999169
12/23/16, 41.62, 41.69, 41.35, 41.60, 6436556
12/22/16, 41.57, 41.62, 41.08, 41.55, 11894110
12/21/16, 41.60, 41.8301, 41.52, 41.57, 9693613
12/20/16, 41.70, 41.72, 41.44, 41.66, 10603480
12/19/16, 41.69, 41.80, 41.58, 41.67, 8687338
12/16/16, 41.61, 41.76, 41.48, 41.74, 19675240
12/15/16, 41.095, 41.81, 41.095, 41.55, 14265280
12/14/16, 41.89, 41.99, 41.06, 41.21, 17937859
12/13/16, 41.72, 41.96, 41.54, 41.76, 18985971
12/12/16, 42.00, 42.01, 41.72, 41.90, 17561900
12/09/16, 41.50, 42.22, 41.29, 42.00, 28125779
12/08/16, 41.07, 41.21, 40.845, 40.98, 13077140
12/07/16, 40.54, 41.29, 40.51, 41.29, 13726520
12/06/16, 40.75, 40.77, 40.42, 40.57, 11303490
12/05/16, 40.34, 40.69, 40.31, 40.62, 15977850
12/02/16, 40.30, 40.495, 40.19, 40.36, 11176300
12/01/16, 40.31, 40.39, 39.88, 40.17, 20409859
11/30/16, 41.00, 41.20, 40.35, 40.35, 22410369
11/29/16, 41.52, 41.52, 41.14, 41.15, 11421920
11/28/16, 41.51, 41.79, 41.27, 41.75, 19424410
11/25/16, 41.39, 41.58, 41.24, 41.53, 7402652
11/23/16, 41.22, 41.31, 41.03, 41.12, 9294081
11/22/16, 41.45, 41.70, 41.24, 41.37, 12743510
11/21/16, 40.74, 41.36, 40.73, 41.36, 12307040
11/18/16, 41.03, 41.20, 40.90, 40.91, 16345260
11/17/16, 41.28, 41.30, 41.00, 41.12, 12398820
11/16/16, 41.40, 41.65, 41.155, 41.26, 12681350
11/15/16, 41.18, 41.52, 41.17, 41.44, 16553961
11/14/16, 41.13, 41.42, 40.85, 41.17, 19514170
11/11/16, 40.95, 41.13, 40.63, 41.03, 13420960
11/10/16, 41.86, 42.26, 40.855, 40.94, 33245531
11/09/16, 41.76, 42.32, 41.70, 42.27, 21350961
11/08/16, 42.37, 42.98, 42.37, 42.88, 12036580
11/07/16, 42.04, 42.50, 42.04, 42.46, 14038530
11/04/16, 41.85, 42.04, 41.69, 41.69, 14464190
11/03/16, 42.22, 42.22, 41.96, 42.03, 11257980
11/02/16, 42.10, 42.34, 42.01, 42.05, 12034270
11/01/16, 42.40, 42.425, 41.91, 42.12, 12223370
10/31/16, 42.12, 42.41, 42.12, 42.40, 13327480
10/28/16, 42.26, 42.47, 42.10, 42.23, 13398350
10/27/16, 42.63, 42.645, 41.90, 42.12, 14537030
10/26/16, 43.00, 43.03, 42.41, 42.44, 16886250
10/25/16, 42.64, 42.88, 42.43, 42.54, 16484711
10/24/16, 42.32, 42.77, 42.25, 42.56, 13439200
10/21/16, 41.85, 42.17, 41.68, 42.13, 14401520
10/20/16, 41.97, 42.11, 41.89, 41.93, 10620490
10/19/16, 41.93, 42.115, 41.81, 42.05, 16367380
10/18/16, 41.81, 42.00, 41.73, 41.97, 11297330
10/17/16, 41.73, 41.86, 41.57, 41.60, 10792510
10/14/16, 41.85, 41.905, 41.62, 41.67, 9893840
10/13/16, 41.65, 41.89, 41.51, 41.76, 17655641
10/12/16, 41.63, 41.84, 41.50, 41.78, 12216590
10/11/16, 41.66, 41.70, 41.40, 41.54, 12249060
10/10/16, 41.92, 41.99, 41.60, 41.73, 8983623
10/07/16, 41.83, 41.94, 41.565, 41.73, 8122809
10/06/16, 41.68, 41.94, 41.58, 41.71, 9722878
10/05/16, 41.93, 42.07, 41.67, 41.81, 9607263
10/04/16, 42.34, 42.34, 41.78, 41.84, 13682700
10/03/16, 42.31, 42.31, 41.885, 42.03, 11152790
09/30/16, 42.21, 42.50, 42.06, 42.32, 14375700
09/29/16, 42.02, 42.39, 41.85, 42.03, 12671670
09/28/16, 42.63, 42.76, 42.03, 42.15, 15523780
09/27/16, 42.19, 42.63, 42.00, 42.59, 11920430
09/26/16, 42.71, 42.72, 42.01, 42.05, 15036040
09/23/16, 42.81, 42.94, 42.65, 42.74, 8852719
09/22/16, 42.71, 43.01, 42.69, 42.96, 9288268
09/21/16, 42.28, 42.61, 42.10, 42.53, 13654650
09/20/16, 42.31, 42.53, 42.24, 42.34, 8407163
09/19/16, 42.16, 42.37, 42.08, 42.10, 7659863
09/16/16, 42.17, 42.26, 41.965, 42.14, 16353970
09/15/16, 42.01, 42.39, 41.88, 42.36, 10244620
09/14/16, 42.27, 42.41, 41.99, 42.11, 9823933
09/13/16, 42.77, 42.77, 42.21, 42.28, 12962720
09/12/16, 42.36, 43.23, 42.34, 43.19, 15932300
09/09/16, 43.43, 43.43, 42.27, 42.27, 23624240
09/08/16, 43.67, 43.73, 43.45, 43.63, 10020430
09/07/16, 43.72, 43.80, 43.53, 43.64, 8656580
09/06/16, 43.74, 43.80, 43.395, 43.79, 8600372
09/02/16, 43.52, 43.83, 43.47, 43.66, 9026010
09/01/16, 43.21, 43.41, 43.20, 43.35, 8457766
08/31/16, 43.43, 43.46, 43.08, 43.43, 10217940
08/30/16, 43.46, 43.53, 43.12, 43.24, 9720067
08/29/16, 43.34, 43.61, 43.33, 43.54, 9544573
08/26/16, 43.72, 43.92, 43.31, 43.32, 11824940
08/25/16, 43.85, 43.94, 43.63, 43.67, 9815662
08/24/16, 43.82, 43.94, 43.6641, 43.85, 11508920
08/23/16, 43.85, 43.98, 43.74, 43.85, 8421061
08/22/16, 43.94, 43.945, 43.725, 43.74, 8687524
08/19/16, 44.05, 44.06, 43.74, 43.92, 9385920
08/18/16, 44.01, 44.26, 44.00, 44.10, 9144293
08/17/16, 44.01, 44.07, 43.78, 44.06, 11208500
08/16/16, 44.25, 44.25, 43.83, 43.83, 9706132
08/15/16, 44.10, 44.33, 44.01, 44.24, 10390640
08/12/16, 43.91, 44.19, 43.79, 44.03, 10928930
08/11/16, 43.72, 43.87, 43.62, 43.75, 11303280
08/10/16, 43.64, 43.69, 43.50, 43.61, 8412055
08/09/16, 43.50, 43.64, 43.3762, 43.47, 7281332
08/08/16, 43.43, 43.5166, 43.22, 43.44, 8680309
08/05/16, 43.65, 43.75, 43.41, 43.48, 10398200
08/04/16, 43.56, 43.795, 43.40, 43.51, 11244050
08/03/16, 43.66, 43.70, 43.37, 43.64, 12119080
08/02/16, 43.35, 43.58, 43.31, 43.53, 12825190
08/01/16, 43.69, 43.83, 43.43, 43.45, 12349680
07/29/16, 43.72, 43.75, 43.48, 43.63, 16530510
07/28/16, 43.27, 43.69, 43.22, 43.65, 13077830
07/27/16, 43.90, 44.06, 43.10, 43.40, 37461070
07/26/16, 45.53, 45.65, 44.83, 44.88, 15819910
07/25/16, 45.81, 45.83, 45.47, 45.57, 9134338
07/22/16, 45.50, 45.8375, 45.46, 45.83, 8836148
07/21/16, 45.34, 45.51, 45.255, 45.45, 8150077
07/20/16, 45.75, 45.77, 45.39, 45.51, 8478211
07/19/16, 45.46, 45.71, 45.43, 45.63, 7761133
07/18/16, 45.69, 45.70, 45.48, 45.63, 7958371
07/15/16, 45.88, 45.90, 45.44, 45.63, 10620970
07/14/16, 45.73, 45.94, 45.58, 45.69, 7621235
07/13/16, 45.61, 45.76, 45.43, 45.74, 8028398
07/12/16, 45.64, 45.71, 45.18, 45.58, 9746907
07/11/16, 45.35, 45.77, 45.11, 45.57, 10937780
07/08/16, 45.30, 45.52, 45.0689, 45.38, 11127080
07/07/16, 45.42, 45.52, 44.97, 45.09, 9741108
07/06/16, 45.50, 45.55, 44.915, 45.27, 10902570
07/05/16, 45.16, 45.67, 45.15, 45.43, 12339120
07/01/16, 45.32, 45.41, 45.07, 45.12, 11799740
06/30/16, 44.52, 45.33, 44.49, 45.33, 16056520
06/29/16, 44.39, 44.71, 44.24, 44.44, 12250910
06/28/16, 44.06, 44.19, 43.67, 44.18, 16509779
06/27/16, 43.67, 43.885, 43.315, 43.78, 15805580
06/24/16, 44.20, 44.5561, 43.82, 43.93, 26003660
06/23/16, 45.03, 45.17, 44.84, 45.08, 9655345
06/22/16, 45.25, 45.325, 44.81, 44.86, 10738930
06/21/16, 45.16, 45.28, 45.00, 45.13, 7919395
06/20/16, 45.09, 45.31, 44.96, 44.98, 10712370
06/17/16, 45.17, 45.22, 44.38, 44.79, 20805410
06/16/16, 44.87, 45.34, 44.7199, 45.31, 11305430
06/15/16, 45.12, 45.34, 44.875, 45.01, 8360350
06/14/16, 44.85, 45.13, 44.44, 45.04, 11298210
06/13/16, 45.48, 45.67, 45.09, 45.12, 10613530
06/10/16, 45.62, 46.01, 45.56, 45.99, 12357010
06/09/16, 45.33, 45.7998, 45.31, 45.76, 8042866
06/08/16, 45.24, 45.66, 45.19, 45.55, 7915417
06/07/16, 45.35, 45.48, 45.20, 45.32, 9812617
06/06/16, 45.09, 45.4815, 45.08, 45.37, 10310560
06/03/16, 44.75, 45.05, 44.68, 45.04, 13434870
06/02/16, 44.70, 44.72, 44.50, 44.72, 6693945
06/01/16, 44.60, 44.775, 44.49, 44.70, 8916015
05/31/16, 44.98, 44.98, 44.26, 44.60, 18935250
05/27/16, 44.71, 44.96, 44.65, 44.78, 7893894
05/26/16, 44.53, 44.765, 44.44, 44.69, 8695753
05/25/16, 44.51, 44.63, 44.25, 44.38, 9218444
05/24/16, 44.10, 44.42, 44.00, 44.37, 12634210
05/23/16, 44.07, 44.1559, 43.94, 43.97, 13554700
05/20/16, 44.51, 44.54, 43.94, 43.95, 12914130
05/19/16, 44.25, 44.39, 44.04, 44.32, 10659520
05/18/16, 44.56, 44.8298, 44.23, 44.48, 12524280
05/17/16, 45.45, 45.56, 44.71, 44.75, 17457010
05/16/16, 45.16, 45.73, 45.14, 45.62, 9413602
05/13/16, 45.75, 45.83, 45.23, 45.35, 10341200
05/12/16, 45.55, 45.895, 45.485, 45.83, 10463440
05/11/16, 45.73, 45.88, 45.45, 45.46, 8833105
05/10/16, 45.44, 45.84, 45.42, 45.75, 8933457
05/09/16, 45.32, 45.50, 45.17, 45.24, 8110576
05/06/16, 45.06, 45.41, 44.915, 45.32, 8564035
05/05/16, 44.93, 45.49, 44.87, 45.06, 8801093
05/04/16, 44.72, 45.11, 44.505, 44.98, 9350517
05/03/16, 44.87, 45.065, 44.65, 44.84, 10420480
05/02/16, 44.57, 45.19, 44.57, 44.98, 12577470
04/29/16, 44.53, 44.86, 44.50, 44.80, 11716050
04/28/16, 44.50, 44.90, 44.46, 44.63, 10932530
04/27/16, 44.64, 44.86, 44.25, 44.68, 11335540
04/26/16, 44.92, 44.96, 44.43, 44.53, 13935520
04/25/16, 44.50, 44.72, 44.38, 44.71, 11173790
04/22/16, 43.79, 44.66, 43.79, 44.54, 25134221
04/21/16, 44.26, 44.28, 42.87, 43.66, 37206887
04/20/16, 45.34, 45.38, 44.06, 44.37, 40360301
04/19/16, 46.31, 46.62, 46.15, 46.60, 14418260
04/18/16, 46.13, 46.28, 45.82, 46.22, 11538100
04/15/16, 45.82, 46.155, 45.68, 46.10, 13647780
04/14/16, 46.06, 46.22, 45.745, 45.83, 12982240
04/13/16, 46.77, 46.78, 45.82, 46.04, 13234140
04/12/16, 46.41, 46.76, 46.35, 46.65, 11219100
04/11/16, 46.90, 47.13, 46.41, 46.44, 11880060
04/08/16, 46.44, 46.98, 46.44, 46.87, 11959310
04/07/16, 46.50, 46.58, 46.16, 46.36, 9291960
04/06/16, 46.57, 46.73, 46.38, 46.71, 9122659
04/05/16, 46.62, 46.81, 46.44, 46.53, 10696700
04/04/16, 46.84, 46.93, 46.5001, 46.89, 10629840
04/01/16, 46.14, 46.87, 46.11, 46.83, 14922880
03/31/16, 46.55, 46.88, 46.32, 46.39, 15544520
03/30/16, 46.63, 46.73, 46.33, 46.58, 14312190
03/29/16, 45.86, 46.51, 45.81, 46.48, 25010420
03/28/16, 45.56, 45.93, 45.51, 45.80, 13306590
03/24/16, 45.45, 45.60, 45.19, 45.58, 10890210
03/23/16, 45.40, 45.71, 45.35, 45.46, 9292052
03/22/16, 45.55, 45.73, 45.39, 45.50, 13788290
03/21/16, 45.42, 45.87, 45.36, 45.67, 9740372
03/18/16, 45.84, 45.87, 45.39, 45.60, 23853439
03/17/16, 45.05, 45.91, 44.965, 45.77, 24079980
03/16/16, 45.05, 45.17, 44.55, 45.05, 15386130
03/15/16, 45.08, 45.56, 45.07, 45.24, 13686340
03/14/16, 45.04, 45.42, 45.04, 45.29, 13206680
03/11/16, 45.00, 45.25, 44.93, 45.20, 16129350
03/10/16, 44.84, 45.26, 44.68, 45.23, 28908570
03/09/16, 44.39, 44.83, 44.29, 44.81, 18466619
03/08/16, 43.92, 44.47, 43.81, 44.32, 18900250
03/07/16, 43.91, 44.14, 43.86, 44.01, 10695320
03/04/16, 43.78, 44.15, 43.68, 44.11, 13691530
03/03/16, 43.61, 43.98, 43.54, 43.96, 13134770
03/02/16, 43.47, 43.77, 43.42, 43.77, 12856310
03/01/16, 43.38, 43.69, 43.17, 43.69, 12358260
02/29/16, 43.17, 43.6081, 42.92, 43.13, 15049770
02/26/16, 44.04, 44.055, 43.105, 43.14, 18421000
02/25/16, 43.96, 44.18, 43.865, 44.16, 10903290
02/24/16, 43.564, 43.94, 43.37, 43.91, 10844230
02/23/16, 43.74, 44.05, 43.66, 43.69, 11166380
02/22/16, 43.76, 44.16, 43.63, 43.94, 20716141
02/19/16, 43.58, 43.77, 43.28, 43.77, 12849970
02/18/16, 43.63, 43.73, 43.30, 43.61, 11170260
02/17/16, 43.42, 43.62, 43.28, 43.49, 12332500
02/16/16, 43.32, 43.46, 43.02, 43.36, 12675860
02/12/16, 42.72, 43.135, 42.56, 43.11, 15222410
02/11/16, 42.03, 42.61, 41.98, 42.41, 16825340
02/10/16, 43.34, 43.39, 42.51, 42.55, 16729650
02/09/16, 42.26, 43.49, 42.26, 43.30, 24853840
02/08/16, 42.17, 42.70, 41.90, 42.65, 17254430
02/05/16, 42.93, 42.99, 42.26, 42.44, 17315699
02/04/16, 42.52, 42.89, 42.40, 42.53, 14413740
02/03/16, 42.80, 42.935, 42.28, 42.72, 15958300
02/02/16, 42.70, 42.79, 42.405, 42.44, 12332900
02/01/16, 42.60, 43.15, 42.57, 43.00, 17097850
01/29/16, 42.86, 43.26, 42.65, 42.92, 20457029
01/28/16, 42.18, 42.72, 42.06, 42.57, 16622840
01/27/16, 42.18, 42.46, 41.81, 42.09, 14167020
01/26/16, 42.16, 42.50, 41.93, 42.08, 13018470
01/25/16, 42.24, 42.50, 41.93, 42.16, 12505160
01/22/16, 41.64, 42.2385, 41.45, 42.06, 15209240
01/21/16, 41.45, 41.51, 41.0861, 41.39, 15568890
01/20/16, 41.45, 41.62, 40.75, 41.38, 19923500
01/19/16, 41.77, 42.12, 41.65, 41.92, 15462240
01/15/16, 40.95, 41.59, 40.926, 41.50, 21153590
01/14/16, 41.99, 42.17, 41.64, 41.88, 16027970
01/13/16, 42.17, 42.57, 41.79, 41.85, 16854279
01/12/16, 42.30, 42.45, 41.87, 42.12, 21814840
01/11/16, 41.58, 41.8599, 41.29, 41.58, 15815240
01/08/16, 41.65, 42.12, 41.41, 41.51, 14645910
01/07/16, 41.65, 42.11, 41.4496, 41.62, 20563580
01/06/16, 42.20, 42.51, 42.04, 42.32, 16245130
01/05/16, 42.31, 42.625, 42.17, 42.55, 15781900
01/04/16, 42.34, 42.50, 41.965, 42.40, 16084150
12/31/15, 43.30, 43.34, 42.87, 42.96, 9727907
12/30/15, 43.75, 43.77, 43.45, 43.57, 5112475
12/29/15, 43.54, 43.78, 43.50, 43.71, 7739815
12/28/15, 43.44, 43.52, 43.31, 43.49, 6326143
12/24/15, 43.49, 43.72, 43.42, 43.54, 3036573
12/23/15, 43.39, 43.725, 43.35, 43.67, 9092284
12/22/15, 42.86, 43.39, 42.71, 43.29, 12280760
12/21/15, 42.82, 42.9362, 42.46, 42.78, 10444350
12/18/15, 43.36, 43.42, 42.50, 42.50, 24583699
12/17/15, 43.81, 43.89, 43.42, 43.49, 14697030
12/16/15, 43.25, 43.91, 43.25, 43.84, 21868609
12/15/15, 42.84, 43.24, 42.76, 43.07, 17916381
12/14/15, 42.31, 42.76, 41.97, 42.45, 20092891
12/11/15, 42.63, 42.83, 42.14, 42.27, 17313439
12/10/15, 42.73, 43.07, 42.525, 42.76, 15483320
12/09/15, 42.78, 43.265, 42.50, 42.66, 12945500
12/08/15, 43.05, 43.25, 42.795, 43.01, 10736210
12/07/15, 43.31, 43.44, 43.00, 43.20, 12030720
12/04/15, 42.58, 43.481, 42.58, 43.29, 16487971
12/03/15, 42.73, 42.89, 42.32, 42.46, 15004860
12/02/15, 42.83, 42.93, 42.59, 42.77, 12598500
12/01/15, 42.73, 43.10, 42.73, 42.89, 11153030
11/30/15, 43.12, 43.15, 42.605, 42.62, 16063030
11/27/15, 43.04, 43.24, 42.80, 43.15, 7236711
11/25/15, 43.32, 43.50, 43.24, 43.36, 10344860
11/24/15, 42.70, 43.60, 42.66, 43.36, 15767160
11/23/15, 42.55, 43.18, 42.53, 42.96, 13338130
11/20/15, 43.31, 43.58, 42.40, 42.43, 19780760
11/19/15, 42.32, 43.30, 42.32, 43.11, 24090721
11/18/15, 41.77, 42.35, 41.68, 42.28, 12966290
11/17/15, 41.85, 42.15, 41.505, 41.67, 12739370
11/16/15, 41.43, 42.00, 41.39, 41.96, 11244860
11/13/15, 41.46, 41.7801, 41.36, 41.38, 11619470
11/12/15, 42.01, 42.05, 41.57, 41.58, 10724970
11/11/15, 41.94, 42.20, 41.92, 42.04, 9101167
11/10/15, 41.44, 41.81, 41.43, 41.77, 8283092
11/09/15, 41.70, 41.79, 41.34, 41.54, 10842710
11/06/15, 41.97, 42.215, 41.61, 41.96, 11926700
11/05/15, 42.00, 42.35, 41.98, 42.33, 9625114
11/04/15, 42.27, 42.39, 41.89, 41.97, 10488510
11/03/15, 42.18, 42.32, 41.81, 42.16, 9693096
11/02/15, 42.32, 42.36, 41.90, 42.24, 16252240
10/30/15, 42.80, 42.86, 42.35, 42.35, 15356150
10/29/15, 42.66, 42.90, 42.335, 42.79, 9427360
10/28/15, 42.75, 42.835, 42.21, 42.73, 13667310
10/27/15, 42.50, 42.77, 42.4801, 42.61, 30166609
10/26/15, 42.76, 42.89, 42.46, 42.59, 14788550
10/23/15, 43.31, 43.31, 42.75, 42.79, 18796051
10/22/15, 42.44, 43.85, 42.41, 43.24, 35920180
10/21/15, 41.94, 42.515, 41.71, 42.19, 19441881
10/20/15, 42.00, 42.40, 42.00, 42.29, 16199270
10/19/15, 41.90, 42.055, 41.80, 41.99, 15553770
10/16/15, 42.16, 42.21, 41.88, 42.02, 20384221
10/15/15, 41.87, 42.0251, 41.60, 41.92, 11801560
10/14/15, 41.56, 41.96, 41.56, 41.68, 14180000
10/13/15, 41.80, 41.91, 41.54, 41.65, 12903560
10/12/15, 41.83, 42.29, 41.81, 42.00, 12299060
10/09/15, 41.82, 42.12, 41.78, 42.02, 13931160
10/08/15, 41.26, 41.99, 41.26, 41.98, 11960170
10/07/15, 41.14, 41.61, 41.10, 41.52, 14401360
10/06/15, 41.04, 41.34, 40.93, 40.96, 14579390
10/05/15, 40.45, 41.05, 40.43, 41.01, 15664040
10/02/15, 39.56, 40.39, 39.36, 40.39, 15537260
10/01/15, 40.22, 40.47, 39.60, 39.80, 19606631
09/30/15, 39.88, 40.23, 39.80, 40.12, 19752641
09/29/15, 39.52, 39.71, 39.33, 39.66, 14166900
09/28/15, 39.52, 39.82, 39.33, 39.53, 19323119
09/25/15, 39.43, 40.08, 39.33, 39.62, 22511330
09/24/15, 38.52, 39.1975, 38.51, 39.15, 19385680
09/23/15, 38.79, 38.88, 38.55, 38.76, 8910787
09/22/15, 38.68, 38.99, 38.58, 38.79, 15021340
09/21/15, 39.05, 39.31, 38.94, 39.19, 12935770
09/18/15, 38.86, 39.30, 38.71, 38.98, 27527260
09/17/15, 39.15, 39.61, 39.04, 39.38, 21232480
09/16/15, 38.67, 39.19, 38.47, 39.15, 22233381
09/15/15, 38.07, 38.63, 37.92, 38.50, 13019800
09/14/15, 38.22, 38.22, 37.85, 38.10, 8950014
09/11/15, 38.01, 38.19, 37.84, 38.13, 11802270
09/10/15, 38.31, 38.65, 38.25, 38.42, 14952540
09/09/15, 39.12, 39.21, 38.20, 38.30, 13764590
09/08/15, 38.87, 39.03, 38.60, 38.90, 15273940
09/04/15, 38.68, 38.79, 38.375, 38.52, 15450550
09/03/15, 38.90, 39.34, 38.84, 39.16, 13311590
09/02/15, 39.03, 39.07, 38.56, 38.90, 14054820
09/01/15, 38.67, 39.03, 38.54, 38.75, 23703211
08/31/15, 39.15, 39.45, 39.0549, 39.32, 12673260
08/28/15, 39.11, 39.47, 39.05, 39.45, 14503890
08/27/15, 39.06, 39.38, 38.60, 39.27, 18871551
08/26/15, 38.75, 38.83, 37.89, 38.73, 23523270
08/25/15, 39.13, 39.275, 37.93, 37.99, 31363721
08/24/15, 37.99, 38.94, 36.56, 38.38, 44065301
08/21/15, 40.16, 40.4728, 39.51, 39.53, 28036170
08/20/15, 40.52, 40.82, 40.42, 40.55, 14217980
08/19/15, 41.14, 41.24, 40.78, 40.78, 15796550
08/18/15, 41.28, 41.53, 41.19, 41.30, 11199350
08/17/15, 41.03, 41.45, 40.97, 41.35, 8272813
08/14/15, 41.01, 41.25, 40.96, 41.25, 9905619
08/13/15, 41.28, 41.38, 41.01, 41.10, 10270850
08/12/15, 41.13, 41.26, 40.85, 41.26, 9793289
08/11/15, 41.40, 41.57, 41.17, 41.48, 11254890
08/10/15, 41.89, 41.9928, 41.58, 41.68, 9501875
08/07/15, 41.81, 41.97, 41.53, 41.77, 10886720
08/06/15, 42.00, 42.25, 41.86, 41.92, 11378870
08/05/15, 41.92, 42.22, 41.82, 42.12, 15329250
08/04/15, 41.51, 41.87, 41.34, 41.85, 17559910
08/03/15, 40.85, 41.55, 40.84, 41.54, 14672570
07/31/15, 40.88, 41.22, 40.77, 41.08, 15309490
07/30/15, 40.55, 40.75, 40.39, 40.56, 9095488
07/29/15, 40.53, 40.71, 40.49, 40.59, 8479899
07/28/15, 40.65, 40.73, 40.44, 40.55, 11021820
07/27/15, 40.28, 40.58, 40.16, 40.54, 10945670
07/24/15, 40.76, 40.83, 40.41, 40.44, 10912530
07/23/15, 40.99, 41.02, 40.48, 40.84, 13522200
07/22/15, 40.81, 41.59, 40.59, 40.90, 15528630
07/21/15, 41.38, 41.52, 41.10, 41.19, 13653820
07/20/15, 41.35, 41.54, 41.2201, 41.38, 10024170
07/17/15, 41.31, 41.32, 41.05, 41.25, 9608302
07/16/15, 41.42, 41.60, 41.35, 41.48, 10483690
07/15/15, 41.15, 41.36, 41.104, 41.13, 11252140
07/14/15, 40.90, 41.26, 40.84, 41.17, 19531039
07/13/15, 40.56, 40.77, 40.49, 40.66, 9854203
07/10/15, 40.27, 40.52, 40.16, 40.39, 13360380
07/09/15, 40.46, 40.58, 39.90, 39.92, 13392040
07/08/15, 39.99, 40.23, 39.84, 39.86, 11383750
07/07/15, 39.49, 40.375, 39.395, 40.25, 20335010
07/06/15, 39.32, 39.60, 39.22, 39.42, 10252590
07/02/15, 39.63, 39.81, 39.35, 39.49, 8975923
07/01/15, 39.38, 39.60, 39.28, 39.50, 11177430
06/30/15, 39.61, 39.61, 39.12, 39.23, 14621330
06/29/15, 39.80, 39.98, 39.40, 39.40, 15500770
06/26/15, 40.10, 40.35, 40.00, 40.00, 16215600
06/25/15, 40.28, 40.34, 40.02, 40.02, 10607590
06/24/15, 40.37, 40.45, 40.19, 40.19, 10385090
06/23/15, 40.43, 40.52, 40.31, 40.38, 11094930
06/22/15, 40.51, 40.81, 40.46, 40.48, 8775913
06/19/15, 40.59, 40.65, 40.40, 40.40, 23550570
06/18/15, 40.16, 40.74, 40.16, 40.65, 16314590
06/17/15, 40.08, 40.32, 40.01, 40.27, 13898420
06/16/15, 39.63, 40.155, 39.60, 40.08, 12517410
06/15/15, 39.83, 39.86, 39.57, 39.59, 11364790
06/12/15, 40.04, 40.12, 39.84, 39.96, 15568580
06/11/15, 40.11, 40.25, 40.03, 40.10, 11944850
06/10/15, 40.32, 40.54, 40.281, 40.33, 11979870
06/09/15, 40.17, 40.415, 40.11, 40.20, 10772740
06/08/15, 40.10, 40.26, 40.02, 40.16, 14339260
06/05/15, 40.48, 40.52, 40.08, 40.10, 15975550
06/04/15, 40.71, 40.98, 40.53, 40.59, 10145790
06/03/15, 41.10, 41.21, 40.78, 40.87, 8153777
06/02/15, 40.84, 41.155, 40.68, 40.99, 11878850
06/01/15, 41.36, 41.405, 40.88, 40.94, 12684050
05/29/15, 41.18, 41.18, 40.765, 40.96, 19628650
05/28/15, 41.20, 41.30, 40.8801, 41.14, 9395199
05/27/15, 40.94, 41.20, 40.83, 41.12, 9863138
05/26/15, 41.12, 41.18, 40.74, 40.99, 15194350
05/22/15, 41.12, 41.24, 41.04, 41.21, 11909500
05/21/15, 41.26, 41.32, 41.07, 41.23, 9270925
05/20/15, 41.37, 41.59, 41.31, 41.35, 10965230
05/19/15, 41.23, 41.39, 41.13, 41.31, 9071997
05/18/15, 41.49, 41.49, 41.25, 41.32, 11511690
05/15/15, 41.45, 41.69, 41.43, 41.52, 8479028
05/14/15, 41.30, 41.595, 41.2549, 41.50, 9960964
05/13/15, 40.75, 41.36, 40.72, 41.05, 13183750
05/12/15, 40.77, 40.96, 40.52, 40.69, 12384500
05/11/15, 40.98, 41.39, 40.88, 40.94, 10113530
05/08/15, 41.00, 41.17, 40.85, 40.98, 11144430
05/07/15, 40.53, 40.91, 40.51, 40.70, 13834750
05/06/15, 41.04, 41.09, 40.39, 40.66, 11906870
05/05/15, 41.14, 41.14, 40.68, 40.75, 11721250
05/04/15, 40.88, 41.10, 40.77, 40.96, 10204810
05/01/15, 40.58, 40.93, 40.50, 40.91, 10848320
04/30/15, 40.40, 40.58, 40.28, 40.56, 12700760
04/29/15, 40.66, 40.75, 40.40, 40.49, 11371400
04/28/15, 40.95, 40.97, 40.60, 40.77, 12174760
04/27/15, 41.00, 41.15, 40.78, 40.83, 10044550
04/24/15, 41.04, 41.12, 40.81, 40.89, 11623320
04/23/15, 41.23, 41.41, 40.92, 40.95, 17408801
04/22/15, 41.56, 41.57, 41.07, 41.31, 26887160
04/21/15, 40.67, 40.99, 40.54, 40.78, 19673061
04/20/15, 40.42, 40.90, 40.41, 40.66, 13023940
04/17/15, 40.47, 40.66, 40.104, 40.30, 15330310
04/16/15, 40.41, 40.86, 40.30, 40.60, 13120970
04/15/15, 40.59, 40.81, 40.32, 40.40, 11189060
04/14/15, 40.59, 40.65, 40.3199, 40.51, 11209670
04/13/15, 40.97, 40.97, 40.70, 40.70, 9616271
04/10/15, 41.09, 41.16, 40.85, 40.88, 8719980
04/09/15, 40.80, 41.08, 40.63, 41.05, 12710890
04/08/15, 40.98, 41.09, 40.74, 40.89, 8954659
04/07/15, 41.05, 41.37, 40.97, 41.01, 9773391
04/06/15, 40.77, 41.61, 40.59, 41.17, 19843400
04/02/15, 40.73, 40.87, 40.48, 40.68, 14343100
04/01/15, 40.79, 40.81, 40.23, 40.68, 14300700
03/31/15, 40.51, 40.90, 40.35, 40.55, 16604779
03/30/15, 40.11, 40.61, 39.94, 40.51, 12561440
03/27/15, 40.48, 40.48, 39.97, 40.08, 14384360
03/26/15, 40.34, 40.56, 40.23, 40.35, 17359641
03/25/15, 40.59, 40.70, 40.24, 40.45, 22811330
03/24/15, 40.91, 40.985, 40.47, 40.47, 13485730
03/23/15, 40.64, 40.94, 40.50, 40.62, 17060520
03/20/15, 40.07, 40.66, 40.01, 40.65, 31608480
03/19/15, 40.48, 40.52, 39.96, 40.02, 16057560
03/18/15, 40.48, 40.79, 39.80, 40.60, 26247490
03/17/15, 40.67, 40.73, 40.32, 40.51, 21661811
03/16/15, 40.00, 40.35, 39.99, 40.29, 15238780
03/13/15, 40.44, 40.57, 39.61, 39.91, 17438430
03/12/15, 40.10, 40.57, 40.02, 40.57, 17728750
03/11/15, 40.73, 40.73, 40.08, 40.10, 18549680
03/10/15, 41.10, 41.15, 40.68, 40.69, 14599070
03/09/15, 41.53, 41.55, 41.32, 41.39, 10123270
03/06/15, 42.12, 42.20, 41.33, 41.52, 18180471
03/05/15, 42.56, 42.605, 42.25, 42.40, 9222960
03/04/15, 42.92, 42.98, 42.47, 42.50, 16262990
03/03/15, 43.11, 43.16, 42.84, 42.95, 10036310
03/02/15, 43.12, 43.28, 43.08, 43.20, 13514600
02/27/15, 42.52, 43.66, 42.47, 43.30, 28312840
02/26/15, 42.04, 42.55, 41.97, 42.46, 14346540
02/25/15, 42.17, 42.24, 41.74, 42.05, 10323320
02/24/15, 41.85, 42.33, 41.77, 42.13, 12782660
02/23/15, 41.71, 42.17, 41.69, 41.85, 11830340
02/20/15, 42.04, 42.11, 41.64, 41.97, 15982350
02/19/15, 41.68, 42.24, 41.53, 42.11, 16578301
02/18/15, 41.75, 41.80, 41.47, 41.73, 9789765
02/17/15, 41.81, 41.88, 41.64, 41.81, 12804250
02/13/15, 42.02, 42.23, 41.76, 41.99, 10792090
02/12/15, 42.40, 42.66, 42.07, 42.17, 13818250
02/11/15, 42.10, 42.49, 41.70, 42.37, 20496279
02/10/15, 42.91, 43.03, 42.20, 42.40, 32184189
02/09/15, 41.38, 41.45, 41.04, 41.23, 13371070
02/06/15, 41.63, 41.76, 41.32, 41.45, 12366380
02/05/15, 41.80, 41.82, 41.51, 41.79, 11078510
02/04/15, 41.77, 42.09, 41.62, 41.68, 16399990
02/03/15, 41.75, 41.85, 41.37, 41.63, 13193130
02/02/15, 41.21, 41.63, 40.90, 41.59, 15197520
01/30/15, 41.83, 41.93, 41.11, 41.17, 19193699
01/29/15, 41.77, 42.15, 41.47, 42.10, 13657920
01/28/15, 42.59, 42.795, 41.90, 41.92, 14278510
01/27/15, 42.54, 42.64, 42.15, 42.39, 15274040
01/26/15, 43.18, 43.23, 42.83, 43.00, 11151860
01/23/15, 43.60, 43.75, 43.18, 43.31, 12357720
01/22/15, 43.37, 43.83, 43.0744, 43.78, 14709120
01/21/15, 42.89, 43.43, 42.76, 43.36, 10720570
01/20/15, 42.70, 43.325, 42.61, 43.16, 17047301
01/16/15, 42.36, 42.59, 42.24, 42.53, 15114870
01/15/15, 42.83, 42.86, 42.17, 42.38, 11193060
01/14/15, 42.08, 42.60, 42.07, 42.56, 13447650
01/13/15, 42.83, 43.24, 42.452, 42.63, 12529490
01/12/15, 43.07, 43.195, 42.46, 42.64, 11415830
01/09/15, 43.47, 43.56, 42.95, 43.03, 12733550
01/08/15, 43.18, 43.57, 43.10, 43.51, 21743631
01/07/15, 42.80, 43.11, 42.58, 42.99, 13412270
01/06/15, 42.41, 42.94, 42.24, 42.46, 16897490
01/05/15, 42.69, 42.97, 42.08, 42.14, 26292590
01/02/15, 42.26, 42.40, 41.80, 42.14, 9921091
12/31/14, 42.92, 42.94, 42.22, 42.22, 9369464
12/30/14, 42.74, 42.99, 42.651, 42.76, 9222049
12/29/14, 42.80, 43.06, 42.49, 42.86, 8694509
12/26/14, 42.97, 43.30, 42.93, 42.96, 6466883
12/24/14, 43.10, 43.23, 42.92, 42.94, 6405910
12/23/14, 42.54, 43.14, 42.47, 42.97, 13411290
12/22/14, 42.14, 42.44, 42.09, 42.35, 11190860
12/19/14, 42.44, 42.79, 41.89, 41.95, 24009500
12/18/14, 41.86, 42.39, 41.75, 42.39, 18030721
12/17/14, 40.44, 41.76, 40.38, 41.55, 20223939
12/16/14, 40.20, 41.31, 39.80, 40.39, 23475420
12/15/14, 41.13, 41.18, 40.56, 40.57, 23378510
12/12/14, 41.39, 41.61, 40.87, 40.91, 18432381
12/11/14, 41.62, 42.01, 41.50, 41.53, 16201520
12/10/14, 42.04, 42.24, 41.56, 41.60, 18324131
12/09/14, 42.15, 42.531, 41.67, 42.04, 25714580
12/08/14, 43.51, 43.63, 43.09, 43.14, 12806340
12/05/14, 43.50, 43.61, 43.20, 43.53, 12536930
12/04/14, 43.62, 43.84, 43.37, 43.50, 13804780
12/03/14, 44.42, 44.44, 43.76, 43.80, 15246480
12/02/14, 44.37, 44.67, 44.23, 44.54, 9878097
12/01/14, 44.18, 44.765, 44.13, 44.55, 10065660
11/28/14, 44.15, 45.00, 44.15, 44.83, 10501970
11/26/14, 43.99, 44.365, 43.97, 44.29, 9200463
11/25/14, 44.27, 44.59, 44.12, 44.43, 10741660
11/24/14, 44.51, 44.78, 44.20, 44.27, 12890830
11/21/14, 44.58, 44.74, 44.28, 44.50, 14382670
11/20/14, 43.96, 44.42, 43.85, 44.25, 13465450
11/19/14, 43.67, 44.4297, 43.56, 44.22, 25402301
11/18/14, 42.95, 43.86, 42.75, 43.53, 26143189
11/17/14, 42.75, 42.99, 42.73, 42.92, 10664000
11/14/14, 42.70, 42.97, 42.50, 42.73, 10939480
11/13/14, 42.65, 43.08, 42.6299, 42.79, 12007700
11/12/14, 42.51, 42.89, 42.31, 42.71, 12768770
11/11/14, 42.38, 42.71, 42.36, 42.51, 8563691
11/10/14, 42.25, 42.57, 42.09, 42.39, 9088938
11/07/14, 42.45, 42.46, 42.14, 42.32, 11803790
11/06/14, 42.43, 42.62, 42.11, 42.29, 11528820
11/05/14, 42.30, 42.54, 41.99, 42.31, 20676760
11/04/14, 41.77, 42.05, 41.66, 41.82, 10105360
11/03/14, 41.79, 42.28, 41.59, 41.81, 13239540
10/31/14, 41.83, 41.89, 41.40, 41.88, 18477680
10/30/14, 40.999, 41.59, 40.83, 41.40, 18295600
10/29/14, 40.65, 41.03, 40.52, 40.96, 25767750
10/28/14, 40.76, 40.86, 40.51, 40.56, 18660971
10/27/14, 40.70, 40.905, 40.56, 40.76, 17222529
10/24/14, 40.98, 41.2699, 40.92, 41.03, 13396420
10/23/14, 40.94, 41.38, 40.74, 40.86, 23347180
10/22/14, 40.19, 41.11, 40.10, 40.62, 27728230
10/21/14, 40.80, 41.19, 40.26, 40.68, 55953512
10/20/14, 42.75, 43.4672, 42.71, 43.29, 17647779
10/17/14, 42.69, 43.03, 42.31, 42.88, 23236039
10/16/14, 42.65, 42.94, 42.38, 42.56, 22519279
10/15/14, 42.70, 43.53, 42.70, 43.23, 22988939
10/14/14, 44.04, 44.12, 43.47, 43.64, 21027830
10/13/14, 44.28, 44.63, 44.03, 44.07, 20183939
10/10/14, 43.88, 44.87, 43.85, 44.47, 25920760
10/09/14, 44.44, 44.75, 43.87, 43.87, 25030529
10/08/14, 43.58, 44.56, 43.51, 44.55, 26115609
10/07/14, 43.48, 44.14, 43.48, 43.92, 24936590
10/06/14, 43.03, 43.68, 42.97, 43.60, 20331449
10/03/14, 42.86, 43.07, 42.66, 43.00, 14046680
10/02/14, 42.60, 42.779, 42.42, 42.66, 16643439
10/01/14, 42.55, 42.85, 42.37, 42.74, 30409721
09/30/14, 42.10, 42.81, 42.08, 42.66, 22613730
09/29/14, 41.90, 42.26, 41.88, 42.25, 12446710
09/26/14, 42.00, 42.25, 41.71, 42.20, 9939569
09/25/14, 42.06, 42.17, 41.77, 41.78, 11076730
09/24/14, 41.85, 42.34, 41.85, 42.27, 13540940
09/23/14, 42.00, 42.16, 41.88, 41.89, 10252370
09/22/14, 41.85, 42.25, 41.73, 42.22, 11518110
09/19/14, 41.98, 42.345, 41.75, 42.05, 47559738
09/18/14, 41.75, 41.88, 41.55, 41.79, 12594170
09/17/14, 41.77, 41.78, 41.315, 41.61, 16703090
09/16/14, 41.29, 41.795, 41.18, 41.64, 15232840
09/15/14, 41.45, 41.58, 41.33, 41.50, 12259600
09/12/14, 41.90, 41.92, 41.36, 41.46, 12979950
09/11/14, 41.68, 42.06, 41.66, 41.95, 19615850
09/10/14, 41.90, 42.19, 41.83, 42.17, 17558020
09/09/14, 41.77, 42.03, 41.75, 41.94, 11892490
09/08/14, 41.67, 41.94, 41.63, 41.78, 9097707
09/05/14, 41.86, 41.86, 41.61, 41.84, 12768140
09/04/14, 41.80, 42.17, 41.7325, 41.87, 16785311
09/03/14, 41.69, 41.85, 41.66, 41.78, 8644484
09/02/14, 41.52, 41.84, 41.31, 41.64, 9798704
08/29/14, 41.60, 41.75, 41.47, 41.72, 7666718
08/28/14, 41.51, 41.70, 41.44, 41.63, 9747093
08/27/14, 41.53, 41.71, 41.44, 41.60, 7701957
08/26/14, 41.41, 41.70, 41.41, 41.60, 8416524
08/25/14, 41.32, 41.445, 41.12, 41.41, 10229330
08/22/14, 41.29, 41.52, 41.05, 41.12, 11244640
08/21/14, 41.29, 41.69, 41.22, 41.41, 11951210
08/20/14, 41.15, 41.34, 41.09, 41.25, 6791695
08/19/14, 41.35, 41.48, 41.16, 41.26, 10261310
08/18/14, 40.79, 41.42, 40.79, 41.35, 14892230
08/15/14, 40.85, 41.15, 40.66, 40.88, 23221551
08/14/14, 39.93, 40.19, 39.93, 40.18, 6902023
08/13/14, 39.70, 40.10, 39.70, 39.94, 9646476
08/12/14, 39.56, 39.84, 39.54, 39.68, 13297540
08/11/14, 39.52, 39.87, 39.52, 39.57, 14102640
08/08/14, 39.34, 39.575, 39.26, 39.45, 13666970
08/07/14, 39.96, 40.01, 39.33, 39.35, 14367590
08/06/14, 39.13, 39.96, 39.13, 39.92, 17567539
08/05/14, 39.34, 39.53, 39.10, 39.18, 11639150
08/04/14, 39.41, 39.46, 39.115, 39.40, 11013480
08/01/14, 39.13, 39.49, 39.06, 39.29, 13568610
07/31/14, 39.53, 39.73, 39.25, 39.29, 15436850
07/30/14, 40.45, 40.50, 39.61, 39.62, 20346240
07/29/14, 40.75, 40.78, 40.35, 40.35, 10872630
07/28/14, 40.99, 41.00, 40.61, 40.68, 11709720
07/25/14, 40.92, 41.04, 40.81, 41.00, 10809950
07/24/14, 40.97, 41.10, 40.66, 40.97, 14856010
07/23/14, 40.98, 41.05, 40.63, 40.81, 17531711
07/22/14, 41.10, 41.33, 40.61, 41.19, 24707570
07/21/14, 42.12, 42.57, 42.09, 42.40, 17607221
07/18/14, 42.14, 42.47, 42.0201, 42.43, 19272400
07/17/14, 41.93, 42.15, 41.83, 42.02, 9983505
07/16/14, 42.26, 42.39, 42.02, 42.12, 10331520
07/15/14, 42.41, 42.43, 41.95, 42.10, 10551680
07/14/14, 41.99, 42.39, 41.98, 42.38, 11857700
07/11/14, 42.12, 42.25, 41.881, 41.97, 9772958
07/10/14, 41.56, 42.29, 41.55, 42.26, 12564490
07/09/14, 41.93, 42.16, 41.79, 41.95, 9900209
07/08/14, 41.97, 42.25, 41.91, 41.94, 10091150
07/07/14, 41.96, 42.20, 41.93, 42.14, 9000085
07/03/14, 42.26, 42.32, 42.01, 42.23, 7537718
07/02/14, 42.31, 42.41, 42.15, 42.29, 6707175
07/01/14, 42.39, 42.45, 42.15, 42.29, 11497700
06/30/14, 41.98, 42.49, 41.82, 42.36, 14068760
06/27/14, 41.99, 42.29, 41.91, 42.19, 18674410
06/26/14, 41.91, 42.05, 41.7799, 42.03, 16905480
06/25/14, 41.60, 41.98, 41.46, 41.96, 17621840
06/24/14, 41.52, 41.89, 41.47, 41.85, 14962790
06/23/14, 41.46, 41.74, 41.33, 41.73, 13099750
06/20/14, 41.87, 41.875, 41.53, 41.69, 23403270
06/19/14, 41.54, 41.87, 41.53, 41.79, 13275260
06/18/14, 40.79, 41.57, 40.75, 41.56, 18518180
06/17/14, 41.18, 41.20, 40.61, 40.92, 26927160
06/16/14, 40.19, 40.77, 40.15, 40.66, 12878160
06/13/14, 40.39, 40.535, 40.25, 40.37, 9203771
06/12/14, 40.41, 40.68, 40.37, 40.42, 11583570
06/11/14, 40.98, 41.055, 40.79, 40.86, 9648619
06/10/14, 40.84, 41.15, 40.81, 41.07, 9169620
06/09/14, 40.85, 41.09, 40.85, 40.91, 7316402
06/06/14, 40.94, 41.06, 40.84, 40.99, 8760639
06/05/14, 40.73, 41.00, 40.63, 40.89, 10133500
06/04/14, 40.91, 40.92, 40.71, 40.79, 7864666
06/03/14, 40.72, 41.00, 40.71, 40.88, 10493220
06/02/14, 40.75, 40.89, 40.68, 40.86, 7472050
05/30/14, 40.54, 40.925, 40.49, 40.91, 10446100
05/29/14, 40.68, 40.87, 40.60, 40.66, 9867262
05/28/14, 40.70, 40.885, 40.53, 40.58, 7536671
05/27/14, 40.56, 40.82, 40.48, 40.77, 11291390
05/23/14, 40.63, 40.6999, 40.53, 40.58, 6255168
05/22/14, 40.77, 40.84, 40.53, 40.58, 8430681
05/21/14, 40.55, 40.88, 40.50, 40.87, 8607297
05/20/14, 40.80, 40.93, 40.57, 40.58, 9640511
05/19/14, 40.60, 40.73, 40.42, 40.71, 7559456
05/16/14, 40.52, 40.91, 40.45, 40.89, 13824170
05/15/14, 40.62, 40.96, 40.44, 40.52, 12379230
05/14/14, 41.02, 41.175, 40.83, 40.89, 10036180
05/13/14, 40.83, 41.22, 40.82, 41.11, 11579720
05/12/14, 40.88, 40.97, 40.69, 40.82, 8906010
05/09/14, 40.78, 40.95, 40.71, 40.87, 8516358
05/08/14, 40.85, 40.96, 40.65, 40.73, 8538993
05/07/14, 40.70, 40.97, 40.63, 40.91, 11115930
05/06/14, 40.52, 40.66, 40.45, 40.49, 9359857
05/05/14, 40.65, 40.93, 40.55, 40.76, 10164160
05/02/14, 40.79, 40.96, 40.63, 40.95, 14197750
05/01/14, 40.79, 40.80, 40.26, 40.78, 15385750
04/30/14, 40.69, 40.88, 40.59, 40.79, 12361990
04/29/14, 40.97, 41.03, 40.52, 40.57, 18928400
04/28/14, 40.82, 41.28, 40.74, 41.03, 20736721
04/25/14, 40.46, 41.01, 40.44, 41.01, 16811381
04/24/14, 40.70, 40.89, 40.46, 40.70, 11401620
04/23/14, 40.70, 40.81, 40.56, 40.73, 12072450
04/22/14, 40.58, 40.76, 40.42, 40.71, 17405461
04/21/14, 40.47, 40.76, 40.35, 40.75, 12630880
04/17/14, 40.43, 40.72, 40.25, 40.72, 18547109
04/16/14, 40.12, 40.59, 40.12, 40.59, 21926150
04/15/14, 39.83, 40.47, 39.50, 40.18, 47529160
04/14/14, 38.71, 38.80, 38.40, 38.73, 19389801
04/11/14, 38.83, 39.22, 38.57, 38.63, 18085750
04/10/14, 38.98, 39.40, 38.82, 38.89, 21025740
04/09/14, 38.84, 38.99, 38.70, 38.99, 12031360
04/08/14, 38.67, 38.90, 38.48, 38.90, 14770520
04/07/14, 38.27, 38.89, 38.26, 38.62, 17295650
04/04/14, 38.24, 38.48, 38.14, 38.22, 15453550
04/03/14, 38.39, 38.49, 38.04, 38.07, 18113990
04/02/14, 38.49, 38.54, 38.30, 38.33, 15709120
04/01/14, 38.53, 38.89, 38.3149, 38.41, 20516449
03/31/14, 38.99, 39.03, 38.46, 38.66, 24489840
03/28/14, 38.89, 39.03, 38.82, 38.95, 11502050
03/27/14, 38.51, 39.00, 38.48, 38.82, 13031470
03/26/14, 38.69, 38.94, 38.61, 38.61, 15835540
03/25/14, 38.49, 38.80, 38.46, 38.62, 16898939
03/24/14, 38.48, 38.535, 38.205, 38.40, 15693040
03/21/14, 38.78, 38.83, 38.28, 38.44, 19210760
03/20/14, 38.11, 38.47, 37.95, 38.45, 13227980
03/19/14, 38.36, 38.585, 38.10, 38.14, 20882160
03/18/14, 38.27, 38.46, 38.135, 38.40, 16880359
03/17/14, 38.17, 38.37, 38.05, 38.27, 19202971
03/14/14, 37.95, 38.32, 37.88, 38.17, 14687230
03/13/14, 38.45, 38.49, 37.921, 37.97, 18302811
03/12/14, 38.27, 38.50, 38.21, 38.47, 15692280
03/11/14, 38.84, 38.84, 38.54, 38.80, 13845660
03/10/14, 38.55, 38.65, 38.44, 38.65, 14541440
03/07/14, 38.56, 38.61, 38.36, 38.55, 17074230
03/06/14, 38.40, 38.5501, 38.27, 38.47, 14740670
03/05/14, 38.42, 38.45, 38.25, 38.35, 14367750
03/04/14, 38.34, 38.389, 38.23, 38.31, 20456789
03/03/14, 37.88, 38.16, 37.85, 38.12, 18732279
02/28/14, 38.08, 38.3851, 38.04, 38.20, 15765570
02/27/14, 37.84, 38.11, 37.80, 38.07, 18441480
02/26/14, 37.90, 37.94, 37.72, 37.87, 18202510
02/25/14, 37.63, 37.94, 37.50, 37.77, 22879230
02/24/14, 37.30, 37.60, 37.22, 37.50, 24225051
02/21/14, 37.59, 37.62, 37.14, 37.18, 19440449
02/20/14, 37.06, 37.52, 36.89, 37.30, 22652320
02/19/14, 37.50, 37.60, 37.05, 37.10, 26650631
02/18/14, 37.98, 38.11, 37.26, 37.47, 46195699
02/14/14, 38.60, 39.02, 38.27, 38.93, 16047480
02/13/14, 38.13, 38.7588, 38.13, 38.65, 10449550
02/12/14, 38.85, 38.92, 38.40, 38.51, 10633640
02/11/14, 38.67, 38.785, 38.51, 38.64, 15417560
02/10/14, 38.07, 38.62, 37.84, 38.57, 20915500
02/07/14, 38.17, 38.35, 37.87, 37.95, 20495020
02/06/14, 38.76, 38.94, 37.92, 38.03, 22665051
02/05/14, 37.49, 37.715, 37.38, 37.61, 13716620
02/04/14, 37.44, 37.55, 37.21, 37.48, 17797980
02/03/14, 38.02, 38.02, 37.10, 37.20, 23195840
01/31/14, 37.95, 38.16, 37.72, 37.82, 16185580
01/30/14, 38.00, 38.41, 38.00, 38.17, 13663570
01/29/14, 38.57, 38.57, 37.82, 37.90, 23776369
01/28/14, 38.77, 39.075, 38.62, 38.87, 8931212
01/27/14, 38.82, 38.98, 38.71, 38.73, 14603930
01/24/14, 39.08, 39.25, 38.82, 38.84, 16533730
01/23/14, 39.61, 39.64, 39.12, 39.24, 14867400
01/22/14, 39.99, 40.09, 39.753, 39.90, 9856355
01/21/14, 39.64, 39.92, 39.53, 39.92, 17590420
01/17/14, 39.72, 39.75, 39.28, 39.28, 14027350
01/16/14, 39.78, 39.82, 39.58, 39.71, 11076880
01/15/14, 39.83, 39.94, 39.58, 39.76, 12845190
01/14/14, 39.64, 39.92, 39.58, 39.69, 12808200
01/13/14, 40.00, 40.13, 39.50, 39.53, 14136790
01/10/14, 39.96, 40.29, 39.90, 40.13, 13314530
01/09/14, 39.95, 40.00, 39.52, 39.73, 14074840
01/08/14, 40.44, 40.44, 39.83, 39.94, 15357530
01/07/14, 40.48, 40.7208, 40.29, 40.39, 11879590
01/06/14, 40.48, 40.5926, 40.16, 40.27, 11041220
01/03/14, 40.68, 40.73, 40.35, 40.46, 10403830
01/02/14, 41.12, 41.225, 40.51, 40.66, 12720200
12/31/13, 41.13, 41.387, 40.98, 41.31, 11730170
12/30/13, 40.77, 41.14, 40.76, 41.09, 10927590
12/27/13, 40.69, 40.79, 40.53, 40.66, 6762203
12/26/13, 40.22, 40.54, 40.14, 40.49, 8588472
12/24/13, 40.17, 40.31, 40.10, 40.19, 4783757
12/23/13, 40.10, 40.245, 39.87, 40.16, 10952480
12/20/13, 39.92, 40.19, 39.8538, 40.04, 22244801
12/19/13, 39.97, 40.10, 39.56, 39.86, 14791980
12/18/13, 39.26, 40.08, 39.00, 40.02, 23887039
12/17/13, 39.12, 39.25, 38.87, 39.10, 17664061
12/16/13, 39.46, 39.57, 39.20, 39.27, 14562150
12/13/13, 39.47, 39.64, 39.21, 39.23, 14037380
12/12/13, 39.99, 40.21, 39.18, 39.21, 19817650
12/11/13, 39.95, 40.34, 39.89, 40.13, 14963480
12/10/13, 40.26, 40.29, 39.75, 39.85, 15967790
12/09/13, 40.40, 40.50, 40.20, 40.40, 12237660
12/06/13, 40.05, 40.50, 40.05, 40.46, 12557220
12/05/13, 40.28, 40.40, 39.80, 39.83, 18171211
12/04/13, 40.20, 40.47, 39.94, 40.37, 13196120
12/03/13, 40.05, 40.39, 40.01, 40.35, 16592301
12/02/13, 40.10, 40.20, 39.75, 40.08, 16739680
11/29/13, 40.27, 40.48, 40.11, 40.19, 8641107
11/27/13, 40.09, 40.38, 39.69, 40.19, 9909068
11/26/13, 40.49, 40.60, 40.24, 40.25, 14240540
11/25/13, 40.48, 40.875, 40.33, 40.37, 14059130
11/22/13, 40.34, 40.46, 40.09, 40.43, 26397100
11/21/13, 40.20, 40.495, 40.10, 40.43, 26364539
11/20/13, 40.05, 40.45, 39.94, 40.06, 14422490
11/19/13, 40.14, 40.225, 39.919, 40.14, 11014820
11/18/13, 40.24, 40.24, 40.00, 40.17, 9553863
11/15/13, 40.16, 40.32, 39.96, 40.22, 12021510
11/14/13, 40.09, 40.44, 40.03, 40.21, 10894370
11/13/13, 39.82, 40.12, 39.65, 40.12, 11771160
11/12/13, 39.91, 39.99, 39.615, 39.88, 10509190
11/11/13, 40.01, 40.05, 39.77, 39.87, 9568206
11/08/13, 39.74, 40.05, 39.49, 40.05, 11903580
11/07/13, 40.08, 40.25, 39.76, 39.83, 16233160
11/06/13, 39.62, 40.215, 39.42, 40.05, 17198000
11/05/13, 39.36, 39.64, 39.22, 39.50, 10582000
11/04/13, 39.71, 39.81, 39.30, 39.51, 10253230
11/01/13, 39.57, 39.72, 39.325, 39.61, 12430390
10/31/13, 39.51, 39.86, 39.51, 39.57, 14853540
10/30/13, 39.88, 39.89, 39.51, 39.62, 12359950
10/29/13, 39.57, 39.96, 39.35, 39.80, 14199600
10/28/13, 39.02, 39.74, 38.99, 39.61, 16552090
10/25/13, 38.84, 39.13, 38.63, 39.03, 14391340
10/24/13, 39.15, 39.37, 38.76, 38.80, 17143770
10/23/13, 39.08, 39.25, 38.80, 39.09, 12601280
10/22/13, 38.86, 39.25, 38.69, 39.09, 17110211
10/21/13, 38.95, 38.95, 38.60, 38.82, 12977490
10/18/13, 38.58, 38.78, 38.42, 38.78, 18897289
10/17/13, 38.06, 38.56, 38.01, 38.55, 15900180
10/16/13, 38.01, 38.24, 37.78, 38.00, 17996949
10/15/13, 38.18, 38.37, 37.60, 37.66, 21676650
10/14/13, 37.56, 37.95, 37.51, 37.91, 14202900
10/11/13, 37.92, 37.92, 37.52, 37.77, 14266860
10/10/13, 37.77, 37.86, 37.445, 37.78, 17177891
10/09/13, 37.38, 37.42, 37.01, 37.08, 19001971
10/08/13, 37.10, 37.41, 36.90, 37.28, 20471330
10/07/13, 37.08, 37.38, 36.83, 37.05, 16708631
10/04/13, 37.25, 37.27, 36.91, 37.20, 17219131
10/03/13, 37.46, 37.46, 37.13, 37.16, 14437950
10/02/13, 37.81, 37.81, 37.21, 37.43, 25670801
10/01/13, 38.00, 38.09, 37.62, 37.95, 13195990
09/30/13, 38.19, 38.2956, 37.75, 37.88, 18104381
09/27/13, 38.57, 38.58, 38.145, 38.40, 12610160
09/26/13, 38.49, 38.74, 38.39, 38.74, 10941180
09/25/13, 38.65, 38.68, 38.30, 38.33, 11446220
09/24/13, 38.72, 38.87, 38.52, 38.53, 15083290
09/23/13, 39.16, 39.19, 38.44, 38.63, 19017400
09/20/13, 39.33, 39.40, 38.78, 39.40, 30698539
09/19/13, 39.64, 39.67, 39.15, 39.31, 14254640
09/18/13, 38.81, 39.60, 38.58, 39.59, 18085570
09/17/13, 38.81, 39.095, 38.79, 38.79, 12883280
09/16/13, 39.03, 39.20, 38.74, 38.86, 13400180
09/13/13, 38.56, 38.74, 38.42, 38.69, 11623630
09/12/13, 38.59, 38.61, 38.28, 38.44, 12114310
09/11/13, 38.68, 38.78, 38.53, 38.78, 11997640
09/10/13, 38.77, 38.78, 38.51, 38.63, 11759740
09/09/13, 38.52, 38.555, 38.27, 38.52, 10608580
09/06/13, 38.38, 38.62, 38.10, 38.35, 13977740
09/05/13, 38.63, 38.69, 38.06, 38.24, 14291080
09/04/13, 37.88, 38.73, 37.81, 38.54, 19144160
09/03/13, 38.27, 38.40, 37.80, 37.90, 19069020
08/30/13, 38.16, 38.28, 38.00, 38.18, 14296780
08/29/13, 38.47, 38.47, 38.10, 38.10, 14217640
08/28/13, 38.06, 38.53, 38.05, 38.35, 19245420
08/27/13, 37.98, 38.24, 37.80, 38.15, 16742430
08/26/13, 38.60, 38.60, 38.11, 38.12, 12740600
08/23/13, 38.61, 38.61, 38.37, 38.52, 11303080
08/22/13, 38.32, 38.52, 38.10, 38.31, 10309260
08/21/13, 38.63, 38.70, 38.25, 38.28, 15800300
08/20/13, 38.85, 39.14, 38.65, 38.65, 10238160
08/19/13, 39.05, 39.09, 38.69, 38.78, 11920350
08/16/13, 39.03, 39.18, 38.71, 39.05, 20570070
08/15/13, 39.30, 39.40, 39.02, 39.09, 14229750
08/14/13, 39.59, 39.68, 39.35, 39.53, 13793190
08/13/13, 39.93, 40.05, 39.50, 39.65, 13548900
08/12/13, 40.04, 40.10, 39.71, 39.83, 13970570
08/09/13, 40.25, 40.32, 40.05, 40.16, 9021737
08/08/13, 40.30, 40.36, 40.02, 40.20, 9481129
08/07/13, 40.31, 40.33, 40.06, 40.15, 9306078
08/06/13, 40.23, 40.43, 40.06, 40.37, 8646231
08/05/13, 40.18, 40.47, 40.18, 40.29, 9933155
08/02/13, 40.03, 40.41, 39.915, 40.22, 25516980
08/01/13, 40.40, 40.75, 40.40, 40.57, 12001510
07/31/13, 40.41, 40.58, 40.06, 40.08, 13557990
07/30/13, 40.42, 40.73, 40.25, 40.32, 10769820
07/29/13, 40.61, 40.68, 40.26, 40.28, 10132340
07/26/13, 40.65, 40.65, 40.01, 40.64, 12279650
07/25/13, 40.81, 40.8783, 40.48, 40.84, 9148367
07/24/13, 41.12, 41.13, 40.75, 40.86, 10512440
07/23/13, 40.95, 41.13, 40.79, 40.96, 9405642
07/22/13, 41.08, 41.14, 40.755, 40.84, 9427675
07/19/13, 40.88, 41.10, 40.79, 41.09, 11408610
07/18/13, 40.86, 41.07, 40.74, 40.81, 9708855
07/17/13, 40.55, 40.98, 40.31, 40.84, 18516850
07/16/13, 39.78, 40.50, 39.50, 40.23, 33581328
07/15/13, 41.05, 41.25, 40.93, 41.01, 11423360
07/12/13, 41.03, 41.13, 40.73, 41.03, 10686350
07/11/13, 41.00, 41.15, 40.74, 41.03, 13489720
07/10/13, 40.92, 40.96, 40.53, 40.68, 9541546
07/09/13, 40.86, 41.07, 40.72, 40.83, 8762106
07/08/13, 40.65, 40.76, 40.42, 40.54, 9936974
07/05/13, 40.72, 40.80, 40.15, 40.52, 10402250
07/03/13, 40.24, 40.56, 40.03, 40.49, 5264817
07/02/13, 40.47, 40.74, 40.175, 40.37, 12248780
07/01/13, 40.50, 40.92, 40.36, 40.46, 10754580
06/28/13, 40.25, 40.44, 40.10, 40.11, 16319520
06/27/13, 40.65, 40.88, 40.24, 40.26, 11461350
06/26/13, 40.08, 40.48, 40.06, 40.33, 13857730
06/25/13, 39.82, 39.925, 39.435, 39.72, 12945440
06/24/13, 39.45, 40.01, 39.13, 39.53, 16437061
06/21/13, 39.63, 39.97, 39.30, 39.76, 21941400
06/20/13, 40.27, 40.35, 38.97, 39.13, 24902449
06/19/13, 41.01, 41.44, 40.41, 40.41, 16936301
06/18/13, 40.70, 40.995, 40.57, 40.93, 9893068
06/17/13, 40.54, 40.91, 40.40, 40.68, 12411010
06/14/13, 40.38, 40.79, 40.26, 40.34, 13635400
06/13/13, 40.31, 40.48, 39.68, 40.41, 17866680
06/12/13, 40.79, 40.94, 40.28, 40.39, 11611590
06/11/13, 40.88, 40.98, 40.40, 40.79, 16494100
06/10/13, 41.50, 41.52, 41.04, 41.18, 11247680
06/07/13, 41.20, 41.7299, 40.98, 41.41, 14460570
06/06/13, 40.55, 40.79, 40.31, 40.79, 11171670
06/05/13, 41.40, 41.40, 40.60, 40.65, 16429240
06/04/13, 41.59, 41.72, 40.95, 41.42, 19241141
06/03/13, 39.95, 40.84, 39.63, 40.81, 16581189
05/31/13, 40.65, 40.77, 39.99, 39.99, 26204080
05/30/13, 41.49, 41.60, 40.75, 40.77, 20876730
05/29/13, 42.34, 42.4268, 41.31, 41.40, 16987141
05/28/13, 42.60, 43.05, 42.40, 42.55, 14412980
05/24/13, 41.54, 42.37, 41.50, 42.24, 11542060
05/23/13, 41.93, 42.07, 41.56, 41.93, 10934350
05/22/13, 42.28, 42.86, 42.035, 42.25, 13616830
05/21/13, 42.48, 42.565, 42.07, 42.34, 9150320
05/20/13, 42.95, 42.95, 42.30, 42.38, 9966285
05/17/13, 43.05, 43.13, 42.56, 42.97, 12615060
05/16/13, 42.91, 43.43, 42.79, 43.09, 12330860
05/15/13, 42.50, 43.10, 42.39, 42.92, 12306770
05/14/13, 42.18, 42.67, 42.01, 42.52, 13027560
05/13/13, 42.14, 42.44, 42.00, 42.19, 9290908
05/10/13, 42.11, 42.24, 41.85, 42.15, 9927794
05/09/13, 42.51, 42.56, 42.00, 42.12, 10114080
05/08/13, 42.54, 42.68, 42.16, 42.46, 12636380
05/07/13, 42.21, 42.71, 42.15, 42.70, 13786610
05/06/13, 42.29, 42.29, 41.87, 42.08, 9358529
05/03/13, 42.17, 42.42, 41.96, 42.24, 11758220
05/02/13, 41.66, 42.16, 41.49, 41.96, 18717641
05/01/13, 42.15, 42.56, 42.1398, 42.21, 8711164
04/30/13, 42.15, 42.39, 41.88, 42.33, 13447670
04/29/13, 42.24, 42.29, 41.92, 42.24, 11326620
04/26/13, 42.18, 42.43, 42.09, 42.10, 15164860
04/25/13, 42.26, 42.54, 42.08, 42.35, 10197010
04/24/13, 42.64, 42.90, 42.10, 42.15, 11370080
04/23/13, 42.78, 42.96, 42.255, 42.70, 11224300
04/22/13, 42.52, 42.85, 42.40, 42.72, 10552650
04/19/13, 42.28, 42.77, 42.20, 42.66, 13886660
04/18/13, 42.48, 42.65, 42.09, 42.10, 16034120
04/17/13, 42.14, 42.70, 42.03, 42.55, 24209830
04/16/13, 41.40, 42.48, 41.25, 42.37, 32147490
04/15/13, 40.85, 40.9943, 40.05, 40.09, 16050920
04/12/13, 40.91, 41.11, 40.68, 41.08, 10394710
04/11/13, 41.13, 41.41, 41.06, 41.18, 10962500
04/10/13, 40.78, 41.17, 40.71, 41.07, 9705033
04/09/13, 40.81, 41.13, 40.51, 40.71, 21057910
04/08/13, 40.06, 40.87, 39.77, 40.86, 22758510
04/05/13, 40.21, 40.355, 40.01, 40.08, 10731450
04/04/13, 40.27, 40.59, 40.20, 40.54, 11437130
04/03/13, 40.78, 40.82, 40.08, 40.17, 13639270
04/02/13, 40.43, 40.90, 40.42, 40.72, 13359180
04/01/13, 40.39, 40.4899, 40.17, 40.45, 8202005
03/28/13, 40.38, 40.60, 40.02, 40.44, 14227400
03/27/13, 40.45, 40.54, 40.062, 40.22, 14562180
03/26/13, 40.13, 40.70, 40.13, 40.69, 13666690
03/25/13, 40.11, 40.25, 39.96, 40.12, 15718890
03/22/13, 39.98, 40.275, 39.89, 40.04, 16128820
03/21/13, 39.85, 40.43, 39.76, 40.07, 23063869
03/20/13, 39.40, 39.92, 39.36, 39.87, 19272461
03/19/13, 38.92, 39.40, 38.82, 39.33, 15193140
03/18/13, 38.61, 38.94, 38.57, 38.76, 11480330
03/15/13, 38.82, 38.94, 38.66, 38.83, 20808699
03/14/13, 38.82, 39.12, 38.66, 39.02, 14574170
03/13/13, 38.82, 38.87, 38.55, 38.59, 14358870
03/12/13, 39.28, 39.31, 38.80, 38.96, 11375870
03/11/13, 39.20, 39.38, 39.18, 39.31, 9201701
03/08/13, 39.17, 39.415, 39.03, 39.22, 11187260
03/07/13, 39.04, 39.19, 38.84, 39.12, 15105000
03/06/13, 38.80, 39.04, 38.70, 39.02, 11655100
03/05/13, 38.98, 39.00, 38.555, 38.68, 13244480
03/04/13, 38.60, 38.82, 38.45, 38.82, 9934533
03/01/13, 38.49, 38.79, 38.49, 38.70, 13727550
02/28/13, 38.47, 38.97, 38.42, 38.72, 19011789
02/27/13, 38.03, 38.54, 37.92, 38.45, 14277320
02/26/13, 37.95, 38.19, 37.775, 38.11, 15771060
02/25/13, 38.56, 38.72, 37.72, 37.72, 15880340
02/22/13, 37.76, 38.52, 37.71, 38.52, 20102900
02/21/13, 37.62, 37.7899, 37.43, 37.71, 14137170
02/20/13, 37.70, 37.885, 37.4143, 37.73, 12949360
02/19/13, 37.51, 37.77, 37.46, 37.67, 14851050
02/15/13, 36.94, 37.42, 36.54, 37.42, 25216369
02/14/13, 37.24, 37.51, 36.70, 36.84, 22749090
02/13/13, 37.67, 37.94, 37.01, 37.21, 19945750
02/12/13, 38.11, 38.16, 37.28, 37.56, 30700730
02/11/13, 38.71, 38.83, 38.41, 38.61, 12159870
02/08/13, 38.85, 38.94, 38.60, 38.77, 12308000
02/07/13, 38.42, 39.06, 38.35, 38.91, 18806980
02/06/13, 38.13, 38.43, 38.00, 38.31, 16823830
02/05/13, 37.56, 38.16, 37.56, 38.14, 17897279
02/04/13, 37.48, 37.58, 37.30, 37.35, 9456531
02/01/13, 37.54, 37.71, 37.37, 37.54, 11939270
01/31/13, 37.53, 37.53, 37.11, 37.24, 12973750
01/30/13, 37.40, 37.61, 37.32, 37.50, 13220460
01/29/13, 36.88, 37.57, 36.86, 37.42, 17708689
01/28/13, 37.07, 37.11, 36.86, 37.01, 13388630
01/25/13, 37.18, 37.25, 36.91, 37.05, 14041640
01/24/13, 37.20, 37.25, 37.00, 37.11, 13259030
01/23/13, 37.08, 37.26, 37.04, 37.13, 13575360
01/22/13, 37.74, 37.74, 37.05, 37.13, 21250180
01/18/13, 37.49, 37.71, 37.305, 37.70, 14060900
01/17/13, 37.43, 37.66, 37.33, 37.51, 12122700
01/16/13, 37.21, 37.415, 37.12, 37.32, 9168529
01/15/13, 36.99, 37.43, 36.80, 37.32, 12721580
01/14/13, 36.95, 37.11, 36.80, 36.99, 11001440
01/11/13, 36.84, 36.94, 36.52, 36.91, 15644760
01/10/13, 37.12, 37.17, 36.76, 36.96, 15604070
01/09/13, 37.20, 37.20, 36.83, 37.03, 10563740
01/08/13, 37.19, 37.28, 36.91, 37.04, 14328030
01/07/13, 37.52, 37.52, 37.10, 37.30, 14610540
01/04/13, 37.65, 37.87, 37.52, 37.66, 15311840
01/03/13, 37.45, 37.60, 37.11, 37.60, 16357980
01/02/13, 36.99, 37.60, 36.66, 37.60, 21877250
12/31/12, 35.88, 36.28, 35.58, 36.25, 15656010
12/28/12, 36.22, 36.42, 35.95, 35.97, 14058050
12/27/12, 36.35, 36.55, 36.20, 36.42, 11380520
12/26/12, 36.70, 36.80, 36.24, 36.42, 9982068
12/24/12, 36.72, 36.80, 36.57, 36.73, 4851746
12/21/12, 37.00, 37.19, 36.53, 36.89, 27946980
12/20/12, 36.69, 37.10, 36.65, 37.05, 16184980
12/19/12, 37.25, 37.29, 36.77, 36.78, 17991830
12/18/12, 37.53, 37.70, 37.13, 37.28, 17954010
12/17/12, 37.79, 37.82, 37.38, 37.50, 17597430
12/14/12, 37.52, 37.77, 37.50, 37.66, 11800900
12/13/12, 37.70, 37.79, 37.53, 37.60, 11442050
12/12/12, 37.89, 37.93, 37.50, 37.64, 14682040
12/11/12, 37.63, 37.99, 37.58, 37.86, 10675150
12/10/12, 37.70, 37.78, 37.51, 37.64, 8603236
12/07/12, 37.44, 37.74, 37.39, 37.71, 10654690
12/06/12, 37.34, 37.44, 37.30, 37.38, 8976877
12/05/12, 37.20, 37.50, 37.08, 37.31, 14561350
12/04/12, 37.31, 37.495, 37.14, 37.15, 11794140
12/03/12, 37.90, 37.9352, 37.33, 37.38, 12865790
11/30/12, 37.94, 37.98, 37.66, 37.92, 13043800
11/29/12, 37.68, 37.97, 37.50, 37.97, 12434400
11/28/12, 37.06, 37.57, 36.80, 37.56, 14846890
11/27/12, 37.44, 37.79, 37.34, 37.42, 11873690
11/26/12, 37.58, 37.78, 37.23, 37.36, 13218890
11/23/12, 37.55, 37.95, 37.49, 37.93, 5365418
11/21/12, 37.33, 37.47, 37.22, 37.39, 8631306
11/20/12, 37.23, 37.2657, 36.85, 37.25, 12278570
11/19/12, 36.85, 37.29, 36.81, 37.24, 14076150
11/16/12, 36.49, 36.65, 36.27, 36.56, 15625200
11/15/12, 35.90, 36.48, 35.86, 36.43, 17644600
11/14/12, 36.19, 36.36, 35.865, 36.01, 13509190
11/13/12, 36.03, 36.56, 35.98, 36.16, 12111140
11/12/12, 36.29, 36.29, 35.985, 36.08, 10170600
11/09/12, 36.05, 36.52, 36.05, 36.29, 11520290
11/08/12, 36.65, 37.108, 36.36, 36.36, 12921840
11/07/12, 37.28, 37.39, 36.40, 36.72, 16744930
11/06/12, 36.92, 37.48, 36.86, 37.42, 11448520
11/05/12, 36.95, 36.99, 36.63, 36.77, 12140360
11/02/12, 37.58, 37.65, 37.00, 37.08, 11237630
11/01/12, 37.15, 37.56, 37.15, 37.33, 10622250
10/31/12, 37.16, 37.41, 36.92, 37.18, 11643480
10/26/12, 37.12, 37.26, 36.78, 37.04, 11896560
10/25/12, 37.00, 37.19, 36.85, 37.09, 10457860
10/24/12, 36.60, 37.04, 36.60, 36.88, 13531430
10/23/12, 36.96, 36.98, 36.54, 36.61, 13287370
10/22/12, 37.37, 37.48, 36.96, 37.23, 13342580
10/19/12, 37.93, 37.94, 37.40, 37.40, 19867590
10/18/12, 37.76, 38.07, 37.46, 37.84, 23064510
10/17/12, 38.06, 38.145, 37.70, 37.74, 15449580
10/16/12, 38.18, 38.22, 37.44, 37.90, 25813330
10/15/12, 38.09, 38.25, 38.01, 38.13, 13785050
10/12/12, 38.26, 38.39, 38.11, 38.23, 12061960
10/11/12, 38.20, 38.28, 38.02, 38.11, 10843750
10/10/12, 38.65, 38.73, 38.05, 38.09, 13755030
10/09/12, 38.50, 38.83, 38.46, 38.56, 13078850
10/08/12, 38.54, 38.68, 38.44, 38.58, 9434512
10/05/12, 38.49, 38.60, 38.25, 38.58, 12287890
10/04/12, 38.46, 38.55, 38.19, 38.33, 9654464
10/03/12, 38.32, 38.52, 38.14, 38.24, 13637520
10/02/12, 38.56, 38.69, 38.11, 38.34, 10277170
10/01/12, 38.16, 38.60, 38.15, 38.38, 16673801
09/28/12, 38.17, 38.22, 37.90, 37.93, 22723430
09/27/12, 38.06, 38.35, 37.90, 38.31, 15176380
09/26/12, 37.78, 38.1851, 37.74, 37.76, 16677900
09/25/12, 38.21, 38.27, 37.66, 37.68, 20299109
09/24/12, 37.81, 38.24, 37.81, 38.12, 21901910
09/21/12, 38.73, 38.74, 37.88, 38.03, 98988828
09/20/12, 38.39, 38.87, 38.38, 38.64, 26963340
09/19/12, 38.66, 38.81, 38.41, 38.52, 26277359
09/18/12, 38.38, 39.00, 38.30, 38.62, 24374221
09/17/12, 38.16, 38.38, 38.03, 38.35, 23594471
09/14/12, 38.55, 38.55, 38.01, 38.12, 25093650
09/13/12, 37.73, 38.489, 37.61, 38.35, 23803480
09/12/12, 37.79, 37.83, 37.51, 37.55, 14633780
09/11/12, 37.63, 37.83, 37.56, 37.77, 16506230
09/10/12, 37.96, 37.98, 37.59, 37.66, 18218699
09/07/12, 38.38, 38.50, 37.74, 37.90, 16393189
09/06/12, 37.78, 38.30, 37.70, 38.15, 19853439
09/05/12, 37.355, 37.62, 37.11, 37.51, 20839150
09/04/12, 37.52, 37.59, 37.215, 37.28, 17300820
08/31/12, 37.41, 37.58, 37.15, 37.40, 20711520
08/30/12, 37.38, 37.63, 37.13, 37.14, 17041900
08/29/12, 38.05, 38.05, 37.38, 37.46, 23436920
08/28/12, 38.14, 38.32, 37.77, 38.00, 16149000
08/27/12, 38.56, 38.56, 38.12, 38.17, 9589801
08/24/12, 38.07, 38.55, 38.07, 38.47, 9317730
08/23/12, 38.81, 38.84, 38.02, 38.11, 14973650
08/22/12, 39.14, 39.25, 38.69, 38.77, 13482370
08/21/12, 39.41, 39.69, 39.23, 39.26, 8329064
08/20/12, 39.54, 39.59, 39.26, 39.47, 9213087
08/17/12, 39.66, 39.73, 39.27, 39.53, 10541000
08/16/12, 39.40, 39.63, 39.31, 39.55, 8825078
08/15/12, 39.42, 39.55, 39.23, 39.35, 7692619
08/14/12, 39.60, 39.67, 39.25, 39.38, 10843280
08/13/12, 39.31, 39.39, 39.05, 39.30, 8898145
08/10/12, 39.58, 39.605, 39.305, 39.395, 20288760
08/09/12, 39.735, 39.89, 39.415, 39.62, 9583926
08/08/12, 39.855, 40.00, 39.68, 39.78, 8790122
08/07/12, 40.42, 40.489, 39.875, 39.885, 12782740
08/06/12, 40.505, 40.625, 40.31, 40.32, 9179256
08/03/12, 40.095, 40.496, 40.005, 40.415, 11834080
08/02/12, 40.365, 40.50, 39.76, 39.875, 13393086
08/01/12, 40.485, 40.625, 40.295, 40.505, 12955904
07/31/12, 40.35, 40.665, 40.195, 40.40, 16333784
07/30/12, 39.885, 40.585, 39.785, 40.56, 15947768
07/27/12, 39.525, 40.12, 39.45, 40.005, 17824998
07/26/12, 38.85, 39.455, 38.85, 39.425, 14144474
07/25/12, 38.475, 38.61, 38.365, 38.51, 9021236
07/24/12, 38.45, 38.475, 38.05, 38.33, 10445926
07/23/12, 38.275, 38.50, 38.185, 38.44, 10656006
07/20/12, 38.635, 38.675, 38.395, 38.515, 16437528
07/19/12, 38.76, 38.80, 38.25, 38.775, 18052112
07/18/12, 38.82, 38.84, 38.41, 38.72, 13851912
07/17/12, 39.03, 39.33, 38.38, 38.845, 21210000
07/16/12, 38.55, 38.70, 38.10, 38.24, 17580328
07/13/12, 38.315, 38.795, 38.17, 38.64, 13307418
07/12/12, 38.515, 38.635, 38.26, 38.32, 19112140
07/11/12, 38.95, 38.975, 38.575, 38.73, 13645906
07/10/12, 39.265, 39.27, 38.9073, 38.99, 11583810
07/09/12, 39.03, 39.1025, 38.855, 38.99, 8615428
07/06/12, 39.01, 39.145, 38.92, 39.075, 10036316
07/05/12, 39.51, 39.57, 39.10, 39.225, 10546314
07/03/12, 39.445, 39.68, 39.355, 39.58, 7343284
07/02/12, 39.05, 39.50, 39.005, 39.46, 13352042
06/29/12, 38.565, 39.095, 38.54, 39.095, 18521476
06/28/12, 38.05, 38.335, 37.845, 38.285, 10891102
06/27/12, 37.62, 38.24, 37.62, 38.17, 13644262
06/26/12, 37.495, 37.68, 37.10, 37.54, 11859342
06/25/12, 37.23, 37.42, 37.085, 37.385, 9734284
06/22/12, 37.475, 37.65, 37.43, 37.47, 15268262
06/21/12, 37.895, 37.995, 37.31, 37.335, 12803840
06/20/12, 37.845, 37.87, 37.42, 37.78, 14707038
06/19/12, 38.125, 38.125, 37.83, 37.87, 11115296
06/18/12, 37.98, 38.21, 37.885, 37.99, 10457618
06/15/12, 38.06, 38.10, 37.71, 38.045, 19760800
06/14/12, 37.395, 38.00, 37.3473, 37.87, 13945348
06/13/12, 37.305, 37.565, 37.235, 37.345, 9376072
06/12/12, 37.49, 37.625, 37.17, 37.60, 11911082
06/11/12, 37.86, 37.89, 37.31, 37.33, 10659204
06/08/12, 37.08, 37.685, 37.075, 37.62, 11595488
06/07/12, 37.495, 37.53, 37.10, 37.14, 14342938
06/06/12, 36.695, 37.305, 36.65, 37.305, 12496370
06/05/12, 36.665, 36.8225, 36.525, 36.62, 12275438
06/04/12, 36.515, 36.87, 36.28, 36.82, 13397714
06/01/12, 36.995, 37.225, 36.505, 36.545, 20844540
05/31/12, 37.48, 37.61, 37.33, 37.365, 15157598
05/30/12, 37.535, 37.625, 37.4125, 37.53, 13884618
05/29/12, 37.865, 37.865, 37.53, 37.73, 10533760
05/25/12, 37.81, 37.845, 37.505, 37.615, 8999416
05/24/12, 37.395, 37.925, 37.30, 37.78, 20204660
05/23/12, 37.00, 37.285, 36.91, 37.275, 18008700
05/22/12, 37.29, 37.29, 36.955, 37.095, 15260600
05/21/12, 37.105, 37.30, 37.065, 37.255, 13489370
05/18/12, 37.625, 37.645, 36.735, 37.025, 31913460
05/17/12, 38.085, 38.15, 37.495, 37.56, 22311380
05/16/12, 38.33, 38.42, 37.96, 38.165, 17804660
05/15/12, 38.28, 38.575, 38.13, 38.285, 16398074
05/14/12, 38.56, 38.625, 38.309, 38.435, 15411682
05/11/12, 38.60, 38.87, 38.60, 38.735, 10603818
05/10/12, 38.605, 38.85, 38.60, 38.705, 12665306
05/09/12, 38.295, 38.595, 38.245, 38.39, 14081908
05/08/12, 38.505, 38.64, 38.3111, 38.57, 10579522
05/07/12, 38.485, 38.725, 38.425, 38.64, 8965336
05/04/12, 38.655, 38.80, 38.48, 38.50, 13160678
05/03/12, 38.68, 38.82, 38.60, 38.72, 15611992
05/02/12, 38.37, 38.625, 38.32, 38.58, 16559324
05/01/12, 38.27, 38.50, 38.14, 38.465, 13842292
04/30/12, 38.21, 38.45, 37.965, 38.16, 26521140
04/27/12, 37.98, 38.91, 37.96, 38.315, 24169380
04/26/12, 37.475, 37.985, 37.4075, 37.855, 16782266
04/25/12, 37.27, 37.525, 37.155, 37.465, 18597574
04/24/12, 36.96, 37.175, 36.855, 37.06, 10296204
04/23/12, 36.99, 37.035, 36.665, 36.845, 10474160
04/20/12, 36.98, 37.175, 36.87, 37.065, 13460876
04/19/12, 37.145, 37.1675, 36.71, 36.91, 10731492
04/18/12, 36.91, 37.175, 36.865, 37.085, 11779692
04/17/12, 36.59, 37.24, 36.59, 36.975, 22614620
04/16/12, 36.11, 36.395, 36.07, 36.22, 14148138
04/13/12, 36.11, 36.30, 35.97, 35.97, 10525550
04/12/12, 36.075, 36.13, 35.91, 36.11, 10640440
04/11/12, 36.215, 36.235, 35.92, 36.06, 12034198
04/10/12, 36.29, 36.31, 35.975, 36.01, 17290436
04/09/12, 36.48, 36.555, 36.37, 36.435, 9806688
04/05/12, 36.64, 36.76, 36.535, 36.735, 11531538
04/04/12, 36.645, 36.80, 36.606, 36.73, 12487378
04/03/12, 36.835, 37.04, 36.73, 36.88, 12989968
04/02/12, 36.915, 37.10, 36.82, 37.07, 14578978
03/30/12, 36.81, 37.07, 36.655, 37.005, 26560700
03/29/12, 36.175, 37.195, 36.135, 36.905, 41063960
03/28/12, 35.98, 36.4125, 35.95, 36.33, 26260640
03/27/12, 35.91, 35.99, 35.825, 35.935, 11430326
03/26/12, 35.87, 35.95, 35.795, 35.95, 11536568
03/23/12, 35.70, 35.80, 35.645, 35.745, 16206890
03/22/12, 35.505, 35.79, 35.47, 35.71, 14253058
03/21/12, 35.24, 35.70, 35.175, 35.56, 19870672
03/20/12, 35.015, 35.385, 34.965, 35.295, 10180276
03/19/12, 35.105, 35.265, 35.00, 35.20, 10652228
03/16/12, 35.19, 35.23, 34.94, 35.08, 22899240
03/15/12, 35.135, 35.17, 34.89, 35.165, 17991302
03/14/12, 35.13, 35.31, 35.05, 35.11, 12917810
03/13/12, 34.755, 35.145, 34.755, 35.125, 18067852
03/12/12, 34.74, 35.17, 34.67, 35.075, 18146946
03/09/12, 34.715, 34.87, 34.655, 34.755, 36742442
03/08/12, 34.59, 34.75, 34.55, 34.635, 33754762
03/07/12, 34.375, 34.47, 34.25, 34.395, 10936676
03/06/12, 34.41, 34.545, 34.32, 34.38, 13161968
03/05/12, 34.51, 34.67, 34.50, 34.615, 10338482
03/02/12, 34.705, 34.80, 34.485, 34.59, 11996234
03/01/12, 34.935, 34.98, 34.695, 34.80, 15299320
02/29/12, 34.45, 34.99, 34.45, 34.93, 23467180
02/28/12, 34.475, 34.55, 34.40, 34.425, 9049588
02/27/12, 34.345, 34.50, 34.26, 34.415, 12086118
02/24/12, 34.675, 34.75, 34.415, 34.50, 12485304
02/23/12, 34.545, 34.65, 34.46, 34.59, 11119988
02/22/12, 34.30, 34.67, 34.30, 34.625, 13766522
02/21/12, 34.44, 34.525, 34.25, 34.41, 13428482
02/17/12, 34.535, 34.585, 34.30, 34.525, 14841646
02/16/12, 34.305, 34.495, 34.21, 34.43, 11751820
02/15/12, 34.615, 34.625, 34.115, 34.20, 14778568
02/14/12, 34.235, 34.465, 34.05, 34.45, 12595942
02/13/12, 34.21, 34.2975, 34.0425, 34.22, 11090926
02/10/12, 33.765, 33.97, 33.71, 33.97, 10996762
02/09/12, 34.18, 34.195, 33.8825, 33.985, 16312730
02/08/12, 34.42, 34.425, 34.10, 34.165, 16428362
02/07/12, 34.045, 34.725, 33.815, 34.275, 24270920
02/06/12, 33.92, 34.115, 33.85, 34.015, 14591826
02/03/12, 34.13, 34.245, 33.92, 34.04, 16556194
02/02/12, 34.035, 34.12, 33.875, 33.915, 13150292
02/01/12, 33.94, 34.17, 33.90, 33.925, 14918750
01/31/12, 33.99, 33.99, 33.59, 33.765, 13544318
01/30/12, 33.645, 33.7845, 33.515, 33.73, 10591592
01/27/12, 33.955, 34.07, 33.615, 33.72, 16825360
01/26/12, 34.31, 34.31, 33.88, 34.005, 14721234
01/25/12, 33.955, 34.25, 33.77, 34.215, 14475908
01/24/12, 34.08, 34.25, 33.855, 33.95, 14751848
01/23/12, 34.00, 34.31, 33.955, 34.265, 13803050
01/20/12, 33.77, 34.06, 33.70, 34.045, 19171992
01/19/12, 33.825, 33.87, 33.63, 33.725, 13544804
01/18/12, 33.73, 33.91, 33.59, 33.795, 13288832
01/17/12, 33.87, 33.94, 33.66, 33.675, 15576930
01/13/12, 33.67, 33.715, 33.2825, 33.495, 19992932
01/12/12, 34.21, 34.25, 33.675, 33.785, 15238274
01/11/12, 34.185, 34.385, 33.7753, 34.03, 23428900
01/10/12, 34.735, 34.76, 34.555, 34.67, 12964298
01/09/12, 34.50, 34.585, 34.40, 34.465, 10522724
01/06/12, 34.735, 34.8125, 34.31, 34.465, 13646430
01/05/12, 34.88, 34.9338, 34.675, 34.685, 14287550
01/04/12, 34.955, 35.035, 34.75, 34.85, 14239030
01/03/12, 35.075, 35.355, 35.05, 35.07, 15639732
12/30/11, 35.00, 35.145, 34.985, 34.985, 7862614
12/29/11, 34.80, 35.095, 34.755, 35.08, 8733998
12/28/11, 34.91, 35.025, 34.70, 34.755, 8209876
12/27/11, 34.905, 35.10, 34.905, 34.94, 10099926
12/23/11, 34.615, 34.985, 34.605, 34.97, 9255170
12/22/11, 34.67, 34.80, 34.445, 34.595, 15586948
12/21/11, 34.26, 34.90, 34.16, 34.785, 18730402
12/20/11, 33.94, 34.32, 33.915, 34.20, 15930948
12/19/11, 33.73, 33.935, 33.61, 33.685, 11775292
12/16/11, 33.735, 33.86, 33.63, 33.72, 23957040
12/15/11, 33.455, 33.695, 33.395, 33.445, 13474480
12/14/11, 33.125, 33.455, 33.033, 33.13, 15762016
12/13/11, 33.545, 33.635, 33.145, 33.24, 14281778
12/12/11, 33.63, 33.75, 33.16, 33.445, 13380092
12/09/11, 33.555, 33.875, 33.46, 33.785, 18298418
12/08/11, 33.35, 33.62, 33.28, 33.365, 16118468
12/07/11, 33.275, 33.535, 33.10, 33.39, 16837600
12/06/11, 33.245, 33.51, 33.07, 33.34, 16731142
12/05/11, 33.47, 33.595, 32.94, 33.155, 17955346
12/02/11, 33.73, 33.775, 33.085, 33.19, 21170640
12/01/11, 33.50, 33.79, 33.34, 33.415, 15428922
11/30/11, 33.67, 33.98, 33.36, 33.615, 25300260
11/29/11, 32.585, 33.25, 32.505, 33.095, 21656620
11/28/11, 32.63, 32.875, 32.375, 32.585, 21318100
11/25/11, 32.575, 32.68, 32.37, 32.37, 7572602
11/23/11, 32.73, 32.75, 32.40, 32.435, 14089562
11/22/11, 32.805, 33.18, 32.7675, 32.985, 11787900
11/21/11, 33.345, 33.44, 32.695, 32.975, 18588166
11/18/11, 33.605, 33.855, 33.45, 33.695, 18688320
11/17/11, 33.47, 33.695, 33.05, 33.31, 17467200
11/16/11, 33.835, 33.90, 33.455, 33.505, 17783120
11/15/11, 33.89, 34.225, 33.74, 34.00, 12217562
11/14/11, 33.895, 33.985, 33.71, 33.895, 9429222
11/11/11, 33.985, 34.305, 33.975, 34.06, 12882744
11/10/11, 33.805, 33.875, 33.455, 33.695, 16201668
11/09/11, 33.925, 33.995, 33.43, 33.515, 18243280
11/08/11, 34.145, 34.36, 33.90, 34.325, 12063456
11/07/11, 33.83, 34.135, 33.64, 34.105, 12514664
11/04/11, 33.98, 34.075, 33.645, 33.89, 15177222
11/03/11, 34.05, 34.41, 34.005, 34.325, 17363244
11/02/11, 33.71, 34.03, 33.675, 33.885, 14538810
11/01/11, 33.565, 33.75, 33.39, 33.52, 23694200
10/31/11, 34.325, 34.525, 34.145, 34.16, 18998506
10/28/11, 34.26, 34.49, 34.195, 34.465, 17307346
10/27/11, 34.465, 34.545, 34.05, 34.285, 26706140
10/26/11, 33.645, 33.77, 33.205, 33.735, 16041184
10/25/11, 33.955, 33.965, 33.40, 33.475, 14228088
10/24/11, 34.20, 34.325, 33.805, 33.935, 13609126
10/21/11, 33.97, 34.16, 33.73, 34.095, 23150500
10/20/11, 33.745, 33.79, 33.2875, 33.56, 13323888
10/19/11, 33.495, 33.91, 33.435, 33.515, 15389260
10/18/11, 33.62, 33.745, 33.20, 33.37, 23650920
10/17/11, 33.91, 33.925, 33.41, 33.50, 20233920
10/14/11, 34.10, 34.10, 33.675, 33.925, 13506830
10/13/11, 33.655, 33.79, 33.445, 33.70, 12909314
10/12/11, 33.625, 33.985, 33.395, 33.74, 17549604
10/11/11, 33.365, 33.60, 33.295, 33.40, 11160806
10/10/11, 33.28, 33.465, 33.005, 33.45, 12356430
10/07/11, 33.255, 33.255, 32.695, 32.95, 18857762
10/06/11, 32.985, 33.00, 32.225, 32.695, 25205320
10/05/11, 32.735, 32.80, 32.275, 32.765, 23037880
10/04/11, 32.42, 32.715, 31.67, 32.615, 30828580
10/03/11, 33.295, 33.46, 32.56, 32.71, 38471058
09/30/11, 34.225, 34.55, 33.78, 33.78, 25028240
09/29/11, 34.455, 34.82, 34.0938, 34.525, 21372600
09/28/11, 34.91, 35.08, 33.945, 34.03, 19032068
09/27/11, 35.06, 35.205, 34.64, 34.785, 22249360
09/26/11, 34.005, 34.445, 33.83, 34.38, 24008040
09/23/11, 33.68, 33.855, 33.435, 33.71, 24284340
09/22/11, 33.685, 34.075, 33.31, 33.91, 36341398
09/21/11, 35.425, 35.535, 34.635, 34.64, 23531480
09/20/11, 35.395, 35.74, 35.26, 35.325, 18314132
09/19/11, 35.035, 35.345, 34.975, 35.245, 28571960
09/16/11, 35.69, 35.84, 35.51, 35.615, 34621942
09/15/11, 34.955, 35.51, 34.925, 35.51, 21186240
09/14/11, 34.67, 35.25, 34.2725, 34.885, 22250220
09/13/11, 34.48, 34.6644, 34.29, 34.55, 21423020
09/12/11, 34.225, 34.77, 34.10, 34.69, 29144060
09/09/11, 35.305, 35.325, 34.365, 34.685, 32893102
09/08/11, 35.33, 35.885, 35.275, 35.585, 24869240
09/07/11, 35.005, 35.425, 34.955, 35.40, 21305340
09/06/11, 33.715, 34.77, 33.695, 34.715, 25784520
09/02/11, 34.86, 34.995, 34.75, 34.87, 17531058
09/01/11, 35.045, 35.55, 34.89, 35.225, 23529860
08/31/11, 34.935, 35.385, 34.8304, 35.225, 22322620
08/30/11, 34.89, 35.14, 34.76, 34.93, 31681380
08/29/11, 34.48, 34.925, 34.435, 34.865, 17660410
08/26/11, 33.965, 34.385, 33.35, 34.25, 19849562
08/25/11, 34.80, 34.80, 33.88, 33.985, 25319840
08/24/11, 34.415, 34.855, 34.275, 34.84, 19475810
08/23/11, 33.735, 34.53, 33.66, 34.53, 23951740
08/22/11, 34.005, 34.03, 33.585, 33.635, 19656198
08/19/11, 33.765, 34.14, 33.43, 33.55, 30478440
08/18/11, 34.125, 34.47, 33.53, 33.88, 39571602
08/17/11, 34.23, 34.675, 34.08, 34.64, 23175820
08/16/11, 33.845, 34.24, 33.7851, 34.085, 21414640
08/15/11, 33.735, 34.21, 33.63, 34.10, 23081500
08/12/11, 33.38, 33.875, 33.20, 33.57, 20310240
08/11/11, 32.00, 33.655, 31.955, 33.235, 38406718
08/10/11, 33.12, 33.25, 31.85, 31.98, 38237102
08/09/11, 32.91, 33.435, 31.795, 33.34, 43130040
08/08/11, 33.09, 33.605, 32.475, 32.56, 50099040
08/05/11, 33.135, 33.63, 32.52, 33.385, 43916480
08/04/11, 33.885, 34.065, 32.87, 32.91, 32327660
08/03/11, 33.50, 34.28, 33.475, 34.20, 28086700
08/02/11, 33.70, 33.805, 33.535, 33.535, 18138248
08/01/11, 34.25, 34.255, 33.56, 33.865, 17654470
07/29/11, 34.18, 34.425, 33.95, 34.005, 20554920
07/28/11, 34.325, 34.64, 34.31, 34.405, 15270622
07/27/11, 34.385, 34.625, 34.27, 34.345, 18677766
07/26/11, 34.675, 34.73, 34.545, 34.595, 11830624
07/25/11, 34.56, 34.78, 34.505, 34.63, 13155378
07/22/11, 34.775, 34.91, 34.74, 34.865, 13326930
07/21/11, 34.41, 34.81, 34.25, 34.67, 22085440
07/20/11, 34.625, 34.67, 34.40, 34.435, 15833820
07/19/11, 33.85, 34.89, 33.765, 34.66, 37415398
07/18/11, 33.63, 33.715, 33.295, 33.56, 14792882
07/15/11, 33.925, 33.935, 33.64, 33.765, 17492976
07/14/11, 33.985, 34.1654, 33.685, 33.835, 15011132
07/13/11, 34.085, 34.215, 33.885, 34.03, 14687838
07/12/11, 33.985, 34.22, 33.865, 33.925, 13351754
07/11/11, 33.875, 34.14, 33.855, 34.05, 14152258
07/08/11, 34.175, 34.34, 34.06, 34.34, 12671522
07/07/11, 34.41, 34.445, 34.29, 34.375, 12424014
07/06/11, 34.155, 34.375, 34.145, 34.265, 11486078
07/05/11, 34.04, 34.395, 34.04, 34.15, 14782984
07/01/11, 33.51, 34.045, 33.5075, 34.045, 16486824
06/30/11, 33.49, 33.745, 33.41, 33.645, 15594708
06/29/11, 33.095, 33.415, 33.09, 33.355, 17035310
06/28/11, 32.76, 33.05, 32.675, 33.015, 12932338
06/27/11, 32.425, 32.73, 32.425, 32.605, 14778586
06/24/11, 32.535, 32.69, 32.36, 32.465, 32073780
06/23/11, 32.965, 32.985, 32.215, 32.49, 26468120
06/22/11, 33.145, 33.41, 33.055, 33.20, 15714820
06/21/11, 33.055, 33.145, 32.885, 33.13, 14264898
06/20/11, 32.685, 33.07, 32.685, 32.915, 11091622
06/17/11, 32.94, 33.115, 32.81, 32.81, 21341140
06/16/11, 32.485, 32.88, 32.40, 32.745, 15543782
06/15/11, 32.705, 32.75, 32.32, 32.485, 16378418
06/14/11, 32.70, 32.92, 32.65, 32.805, 14044916
06/13/11, 32.55, 32.625, 32.395, 32.56, 19081582
06/10/11, 32.84, 32.9085, 32.62, 32.695, 14003160
06/09/11, 32.72, 33.16, 32.635, 32.945, 13112328
06/08/11, 32.615, 32.765, 32.535, 32.70, 11752812
06/07/11, 32.76, 32.8575, 32.59, 32.60, 11534050
06/06/11, 32.755, 32.885, 32.68, 32.71, 10442352
06/03/11, 32.635, 32.915, 32.6065, 32.765, 12937820
06/02/11, 33.325, 33.38, 32.81, 33.02, 14269468
06/01/11, 33.30, 33.59, 33.30, 33.38, 14883546
05/31/11, 33.47, 33.62, 33.32, 33.405, 20293960
05/27/11, 33.435, 33.575, 33.24, 33.255, 9097266
05/26/11, 33.37, 33.455, 33.15, 33.35, 14878300
05/25/11, 33.64, 33.75, 33.41, 33.455, 13136230
05/24/11, 33.83, 33.89, 33.605, 33.735, 10881338
05/23/11, 33.795, 33.95, 33.59, 33.745, 13237742
05/20/11, 34.16, 34.26, 33.945, 34.15, 12977966
05/19/11, 34.205, 34.35, 34.005, 34.23, 12971826
05/18/11, 34.00, 34.175, 33.825, 34.15, 13429020
05/17/11, 33.865, 34.09, 33.75, 33.995, 13299264
05/16/11, 34.05, 34.115, 33.86, 33.915, 12362058
05/13/11, 34.135, 34.385, 34.01, 34.09, 16000540
05/12/11, 33.68, 34.215, 33.585, 34.155, 17104508
05/11/11, 33.645, 33.835, 33.45, 33.66, 11221230
05/10/11, 33.50, 33.7297, 33.49, 33.67, 11120404
05/09/11, 33.43, 33.64, 33.415, 33.475, 8886106
05/06/11, 33.72, 33.79, 33.365, 33.45, 17059808
05/05/11, 33.85, 33.87, 33.20, 33.35, 14220502
05/04/11, 33.93, 33.965, 33.60, 33.73, 13548296
05/03/11, 33.86, 33.95, 33.785, 33.94, 10547582
05/02/11, 33.88, 33.93, 33.785, 33.86, 12518936
04/29/11, 33.78, 33.885, 33.635, 33.73, 14824164
04/28/11, 33.47, 33.725, 33.33, 33.705, 14086360
04/27/11, 33.685, 33.71, 33.28, 33.50, 16872880
04/26/11, 33.32, 33.515, 32.905, 33.465, 32710420
04/25/11, 33.975, 33.99, 33.66, 33.87, 10706342
04/21/11, 33.945, 34.085, 33.735, 33.94, 10977674
04/20/11, 33.945, 34.025, 33.805, 33.925, 12838810
04/19/11, 33.605, 33.75, 33.475, 33.545, 10709752
04/18/11, 33.785, 33.825, 33.3225, 33.655, 16113978
04/15/11, 34.165, 34.175, 33.935, 34.005, 17519188
04/14/11, 33.67, 34.235, 33.545, 34.155, 23882440
04/13/11, 33.616, 33.735, 33.485, 33.64, 8503558
04/12/11, 33.49, 33.5625, 33.205, 33.45, 16620366
04/11/11, 33.63, 33.92, 33.40, 33.70, 14665396
04/08/11, 33.695, 33.82, 33.43, 33.635, 11209412
04/07/11, 33.715, 33.875, 33.47, 33.72, 12752802
04/06/11, 33.775, 33.91, 33.605, 33.815, 14110278
04/05/11, 33.75, 33.885, 33.655, 33.735, 12489690
04/04/11, 33.61, 33.895, 33.58, 33.83, 13486752
04/01/11, 33.445, 33.74, 33.30, 33.61, 18740142
03/31/11, 32.98, 33.425, 32.98, 33.17, 17773156
03/30/11, 32.86, 33.245, 32.805, 33.02, 18839690
03/29/11, 32.60, 32.865, 32.54, 32.86, 11572294
03/28/11, 32.60, 32.745, 32.515, 32.515, 11606628
03/25/11, 32.435, 32.695, 32.41, 32.61, 12428898
03/24/11, 32.29, 32.535, 32.28, 32.345, 13322426
03/23/11, 31.645, 32.265, 31.625, 32.135, 12966340
03/22/11, 31.84, 31.885, 31.625, 31.755, 8435582
03/21/11, 31.565, 31.93, 31.525, 31.785, 12553622
03/18/11, 31.485, 31.65, 31.225, 31.35, 23663560
03/17/11, 31.215, 31.395, 30.955, 31.14, 20142640
03/16/11, 31.345, 31.435, 30.645, 30.80, 31989100
03/15/11, 31.475, 31.635, 31.175, 31.515, 25444300
03/14/11, 32.17, 32.305, 31.765, 31.97, 17809200
03/11/11, 32.46, 32.555, 32.235, 32.405, 12015330
03/10/11, 32.625, 32.77, 32.485, 32.645, 17909514
03/09/11, 32.765, 32.84, 32.63, 32.81, 14824760
03/08/11, 32.70, 32.92, 32.61, 32.82, 20731100
03/07/11, 32.66, 32.87, 32.24, 32.61, 23639380
03/04/11, 32.695, 32.775, 32.385, 32.605, 23069080
03/03/11, 32.395, 32.9375, 32.39, 32.785, 29019580
03/02/11, 32.295, 32.4075, 32.065, 32.215, 20775900
03/01/11, 32.14, 32.625, 32.10, 32.455, 31085500
02/28/11, 32.085, 32.24, 31.93, 31.96, 19381912
02/25/11, 31.885, 32.20, 31.855, 32.155, 11442250
02/24/11, 32.10, 32.185, 31.855, 31.94, 17067158
02/23/11, 31.89, 32.17, 31.85, 31.955, 18202888
02/22/11, 31.68, 32.135, 31.665, 31.88, 17951354
02/18/11, 32.30, 32.325, 32.06, 32.275, 24653840
02/17/11, 31.69, 32.36, 31.635, 32.275, 18453794
02/16/11, 31.54, 31.745, 31.44, 31.70, 12996334
02/15/11, 31.455, 31.61, 31.275, 31.595, 16289718
02/14/11, 31.835, 31.875, 31.50, 31.57, 12134926
02/11/11, 31.615, 31.83, 31.56, 31.785, 19100346
02/10/11, 31.58, 31.77, 31.41, 31.77, 18361340
02/09/11, 32.05, 32.375, 31.435, 31.575, 29995020
02/08/11, 31.215, 31.46, 31.17, 31.435, 13068724
02/07/11, 31.335, 31.335, 31.16, 31.26, 12013636
02/04/11, 31.325, 31.43, 31.18, 31.28, 9384868
02/03/11, 31.35, 31.49, 31.065, 31.285, 12998252
02/02/11, 31.575, 31.74, 31.28, 31.43, 15597650
02/01/11, 31.44, 31.66, 31.425, 31.525, 16027920
01/31/11, 31.16, 31.425, 30.945, 31.425, 15717762
01/28/11, 31.425, 31.64, 31.07, 31.105, 23842280
01/27/11, 31.595, 31.605, 31.32, 31.35, 13521192
01/26/11, 31.585, 31.645, 31.43, 31.48, 13657504
01/25/11, 31.61, 31.655, 31.2725, 31.48, 18197208
01/24/11, 31.435, 31.635, 31.34, 31.625, 15065014
01/21/11, 31.59, 31.60, 31.36, 31.385, 16723780
01/20/11, 31.81, 31.94, 31.375, 31.465, 20595320
01/19/11, 31.84, 31.96, 31.595, 31.71, 18338222
01/18/11, 31.605, 31.87, 31.585, 31.74, 16343860
01/14/11, 31.685, 31.685, 31.49, 31.565, 12641914
01/13/11, 31.625, 31.93, 31.565, 31.70, 17947478
01/12/11, 31.605, 31.68, 31.35, 31.52, 14225056
01/11/11, 31.67, 31.71, 31.335, 31.345, 15515432
01/10/11, 31.35, 31.60, 31.28, 31.53, 14907694
01/07/11, 31.39, 31.50, 31.28, 31.46, 16596904
01/06/11, 31.81, 31.83, 31.415, 31.515, 21728460
01/05/11, 31.895, 31.975, 31.43, 31.745, 34390422
01/04/11, 32.51, 32.595, 31.905, 31.935, 27941600
01/03/11, 32.94, 32.94, 32.555, 32.61, 18947000
12/31/10, 32.68, 32.90, 32.68, 32.885, 10773350
12/30/10, 32.715, 32.80, 32.6825, 32.75, 9285696
12/29/10, 32.695, 32.83, 32.675, 32.725, 8755776
12/28/10, 32.56, 32.715, 32.53, 32.68, 9868470
12/27/10, 32.775, 32.775, 32.53, 32.535, 9924480
12/23/10, 32.76, 32.94, 32.735, 32.79, 13080664
12/22/10, 32.705, 32.795, 32.515, 32.795, 15419708
12/21/10, 32.675, 32.80, 32.58, 32.745, 18731210
12/20/10, 32.73, 32.87, 32.595, 32.655, 18271358
12/17/10, 32.51, 32.875, 32.425, 32.85, 29294120
12/16/10, 32.425, 32.715, 32.345, 32.67, 28828040
12/15/10, 31.95, 32.475, 31.875, 32.37, 26126540
12/14/10, 32.415, 32.44, 31.85, 31.95, 27936780
12/13/10, 32.195, 32.485, 32.15, 32.425, 18758408
12/10/10, 32.435, 32.45, 32.14, 32.325, 17909264
12/09/10, 32.305, 32.455, 32.28, 32.415, 19628072
12/08/10, 32.035, 32.22, 32.035, 32.195, 18242994
12/07/10, 32.195, 32.2825, 32.06, 32.07, 19724846
12/06/10, 32.185, 32.245, 31.995, 31.995, 22223600
12/03/10, 32.40, 32.47, 32.24, 32.25, 20685640
12/02/10, 32.325, 32.4825, 32.255, 32.45, 22773560
12/01/10, 31.97, 32.40, 31.915, 32.35, 20951580
11/30/10, 31.475, 31.79, 31.46, 31.585, 23550880
11/29/10, 31.775, 31.825, 31.435, 31.695, 22400980
11/26/10, 32.06, 32.185, 32.00, 32.095, 9017210
11/24/10, 31.92, 32.315, 31.91, 32.305, 16110846
11/23/10, 31.965, 32.00, 31.64, 31.81, 17678204
11/22/10, 32.03, 32.155, 31.79, 32.135, 33680460
11/19/10, 31.80, 32.165, 31.775, 32.16, 40774840
11/18/10, 31.44, 31.975, 31.425, 31.92, 41436500
11/17/10, 31.07, 31.36, 31.0475, 31.26, 16762324
11/16/10, 31.455, 31.49, 30.91, 31.04, 23639760
11/15/10, 31.445, 31.6625, 31.41, 31.48, 22959940
11/12/10, 31.36, 31.48, 31.195, 31.46, 20033600
11/11/10, 31.245, 31.40, 31.18, 31.40, 16253574
11/10/10, 31.28, 31.32, 31.15, 31.275, 18017032
11/09/10, 31.245, 31.355, 31.175, 31.32, 16640824
11/08/10, 31.25, 31.285, 31.15, 31.23, 11142170
11/05/10, 31.21, 31.325, 31.00, 31.29, 16015536
11/04/10, 30.97, 31.325, 30.94, 31.225, 27486900
11/03/10, 30.915, 30.975, 30.64, 30.975, 15692398
11/02/10, 30.90, 30.97, 30.89, 30.93, 13215768
11/01/10, 30.685, 30.975, 30.605, 30.855, 18001176
10/29/10, 30.575, 30.75, 30.515, 30.66, 14240276
10/28/10, 30.64, 30.7798, 30.44, 30.605, 16543616
10/27/10, 30.51, 30.60, 30.15, 30.595, 19038260
10/26/10, 30.395, 30.685, 30.385, 30.62, 15506188
10/25/10, 30.645, 30.875, 30.495, 30.505, 21228400
10/22/10, 30.745, 30.87, 30.715, 30.805, 9535296
10/21/10, 30.505, 30.875, 30.505, 30.735, 23312880
10/20/10, 30.185, 30.84, 30.185, 30.575, 32412080
10/19/10, 29.98, 30.235, 29.915, 30.17, 35058782
10/18/10, 29.905, 30.00, 29.90, 30.00, 19674506
10/15/10, 29.98, 29.99, 29.87, 29.97, 19699200
10/14/10, 29.97, 29.99, 29.84, 29.955, 14502778
10/13/10, 29.86, 29.985, 29.83, 29.97, 24015580
10/12/10, 29.67, 29.90, 29.67, 29.80, 16173912
10/11/10, 29.78, 29.81, 29.665, 29.78, 12998244
10/08/10, 29.74, 29.85, 29.53, 29.705, 16197798
10/07/10, 29.835, 29.84, 29.60, 29.72, 14967368
10/06/10, 29.815, 29.905, 29.68, 29.90, 14125330
10/05/10, 29.575, 29.86, 29.505, 29.83, 20073400
10/04/10, 29.465, 29.52, 29.275, 29.44, 11526244
10/01/10, 29.52, 29.62, 29.26, 29.56, 16468564
09/30/10, 29.43, 29.5794, 29.125, 29.26, 15849576
09/29/10, 29.50, 29.50, 29.2075, 29.38, 15755330
09/28/10, 29.295, 29.615, 29.18, 29.55, 19884016
09/27/10, 29.375, 29.43, 29.275, 29.30, 10544444
09/24/10, 29.16, 29.40, 29.115, 29.31, 13819340
09/23/10, 29.01, 29.145, 28.86, 28.935, 12695908
09/22/10, 29.075, 29.26, 29.05, 29.115, 14763978
09/21/10, 28.905, 29.10, 28.825, 29.055, 14759016
09/20/10, 28.81, 29.00, 28.775, 28.985, 14064012
09/17/10, 28.825, 28.99, 28.7055, 28.78, 19977792
09/16/10, 28.70, 28.84, 28.625, 28.755, 16577516
09/15/10, 28.685, 28.80, 28.61, 28.71, 17402374
09/14/10, 28.925, 29.06, 28.775, 28.795, 20986040
09/13/10, 29.24, 29.25, 28.875, 29.015, 18025900
09/10/10, 29.14, 29.32, 29.00, 29.26, 18445444
09/09/10, 29.115, 29.245, 28.905, 29.145, 18118380
09/08/10, 28.865, 29.105, 28.85, 28.915, 18378706
09/07/10, 28.76, 28.905, 28.70, 28.815, 14402614
09/03/10, 28.68, 28.80, 28.545, 28.78, 14867618
09/02/10, 28.71, 28.71, 28.43, 28.69, 14702092
09/01/10, 28.19, 28.66, 28.135, 28.655, 24165980
08/31/10, 27.60, 28.02, 27.50, 27.9413, 18567638
08/30/10, 28.10, 28.12, 27.755, 27.775, 10232744
08/27/10, 27.72, 28.10, 27.515, 28.08, 19665484
08/26/10, 27.715, 27.76, 27.485, 27.58, 14822034
08/25/10, 27.71, 27.855, 27.53, 27.695, 15863032
08/24/10, 27.575, 27.97, 27.575, 27.83, 24397820
08/23/10, 27.755, 27.935, 27.705, 27.80, 15240174
08/20/10, 27.46, 27.72, 27.46, 27.65, 19263164
08/19/10, 27.865, 27.865, 27.485, 27.64, 18781268
08/18/10, 28.055, 28.06, 27.805, 27.92, 16616946
08/17/10, 28.01, 28.21, 27.75, 28.06, 18060422
08/16/10, 27.755, 27.965, 27.56, 27.94, 13958358
08/13/10, 27.82, 27.99, 27.685, 27.865, 14922038
08/12/10, 27.765, 27.935, 27.675, 27.845, 18782706
08/11/10, 28.12, 28.375, 27.99, 28.02, 24302420
08/10/10, 28.32, 28.70, 28.26, 28.49, 15375830
08/09/10, 28.185, 28.70, 28.18, 28.555, 18738224
08/06/10, 28.05, 28.395, 27.825, 28.375, 18090686
08/05/10, 28.205, 28.21, 27.90, 28.185, 15099606
08/04/10, 28.26, 28.35, 28.105, 28.275, 11974328
08/03/10, 28.135, 28.265, 28.03, 28.19, 15437568
08/02/10, 27.91, 28.245, 27.825, 28.205, 32091200
07/30/10, 27.355, 27.645, 27.215, 27.555, 16706866
07/29/10, 27.54, 27.6525, 27.33, 27.495, 18320380
07/28/10, 27.525, 27.60, 27.385, 27.44, 12954744
07/27/10, 27.455, 27.625, 27.41, 27.525, 17905418
07/26/10, 27.415, 27.49, 27.35, 27.47, 13305652
07/23/10, 27.10, 27.415, 26.98, 27.375, 16177386
07/22/10, 27.005, 27.34, 26.9875, 27.13, 20692080
07/21/10, 26.75, 27.3925, 26.64, 27.04, 36363860
07/20/10, 25.985, 26.68, 25.96, 26.62, 19539156
07/19/10, 26.27, 26.285, 26.025, 26.135, 11367302
07/16/10, 26.385, 26.54, 26.105, 26.185, 19563726
07/15/10, 26.36, 26.475, 26.16, 26.425, 14970044
07/14/10, 26.28, 26.46, 26.21, 26.41, 12392530
07/13/10, 26.37, 26.475, 26.30, 26.36, 13706386
07/12/10, 26.08, 26.235, 25.975, 26.225, 10770484
07/09/10, 26.18, 26.245, 26.035, 26.20, 12948124
07/08/10, 25.84, 26.22, 25.78, 26.21, 21562520
07/07/10, 25.27, 25.795, 25.15, 25.735, 23480020
07/06/10, 25.295, 25.34, 25.01, 25.215, 18338110
07/02/10, 25.11, 25.23, 24.925, 25.025, 16271000
07/01/10, 25.15, 25.15, 24.735, 25.015, 26030840
06/30/10, 25.19, 25.29, 25.005, 25.06, 21933760
06/29/10, 25.29, 25.475, 25.05, 25.165, 23505280
06/28/10, 25.365, 25.69, 25.305, 25.54, 23525340
06/25/10, 25.895, 25.965, 25.13, 25.13, 57969500
06/24/10, 26.055, 26.24, 25.835, 25.90, 17401394
06/23/10, 26.28, 26.325, 26.005, 26.12, 20717960
06/22/10, 26.23, 26.54, 26.215, 26.23, 20804980
06/21/10, 26.41, 26.49, 26.135, 26.24, 18348492
06/18/10, 26.195, 26.365, 26.13, 26.155, 28407780
06/17/10, 26.25, 26.35, 26.0175, 26.18, 20744360
06/16/10, 25.915, 26.22, 25.8825, 26.20, 16784620
06/15/10, 25.915, 26.10, 25.78, 26.09, 16372490
06/14/10, 25.97, 25.985, 25.73, 25.755, 13656298
06/11/10, 25.855, 25.865, 25.565, 25.825, 14961198
06/10/10, 25.93, 26.25, 25.93, 26.225, 18789914
06/09/10, 25.78, 25.925, 25.585, 25.675, 17661970
06/08/10, 25.395, 25.91, 25.26, 25.78, 22429720
06/07/10, 25.615, 25.75, 25.385, 25.40, 20177660
06/04/10, 26.07, 26.07, 25.51, 25.635, 23942780
06/03/10, 26.335, 26.50, 26.225, 26.375, 23564300
06/02/10, 25.77, 26.205, 25.585, 26.205, 18742106
06/01/10, 25.56, 26.055, 25.365, 25.645, 24274720
05/28/10, 25.59, 25.9747, 25.50, 25.70, 23577340
05/27/10, 25.305, 25.625, 25.13, 25.615, 22663600
05/26/10, 25.415, 25.44, 24.97, 25.04, 32614280
05/25/10, 25.185, 25.365, 24.97, 25.31, 28693800
05/24/10, 25.605, 25.934, 25.51, 25.73, 16918828
05/21/10, 25.42, 25.86, 25.15, 25.795, 34233942
05/20/10, 26.25, 26.25, 25.765, 25.77, 29294660
05/19/10, 26.50, 26.675, 26.23, 26.56, 21119640
05/18/10, 26.85, 26.86, 26.54, 26.55, 20437500
05/17/10, 26.74, 26.775, 26.425, 26.705, 17395604
05/14/10, 26.68, 26.825, 26.43, 26.67, 25868140
05/13/10, 26.975, 27.00, 26.725, 26.745, 19321048
05/12/10, 26.90, 27.05, 26.71, 27.01, 24005340
05/11/10, 26.81, 27.035, 26.75, 26.805, 23167280
05/10/10, 26.925, 27.045, 26.625, 27.02, 35311762
05/07/10, 26.095, 26.42, 25.77, 26.335, 43535700
05/06/10, 26.835, 27.10, 25.605, 26.15, 47916700
05/05/10, 26.715, 26.95, 26.60, 26.83, 23670980
05/04/10, 26.695, 26.90, 26.525, 26.59, 23282720
05/03/10, 26.855, 26.975, 26.6325, 26.88, 16123482
04/30/10, 26.81, 26.98, 26.70, 26.725, 19349540
04/29/10, 26.81, 27.095, 26.78, 26.87, 17437428
04/28/10, 26.505, 26.785, 26.28, 26.68, 24756320
04/27/10, 26.83, 26.93, 26.42, 26.435, 27600260
04/26/10, 27.00, 27.175, 26.865, 26.865, 17891942
04/23/10, 27.23, 27.23, 26.87, 26.94, 21675860
04/22/10, 27.07, 27.255, 27.00, 27.155, 20299220
04/21/10, 27.285, 27.29, 27.00, 27.095, 19263080
04/20/10, 27.61, 27.645, 27.16, 27.235, 32516640
04/19/10, 27.49, 27.66, 27.46, 27.66, 26471540
04/16/10, 27.115, 27.57, 27.085, 27.485, 35079340
04/15/10, 27.38, 27.385, 27.065, 27.13, 20350880
04/14/10, 27.515, 27.53, 27.325, 27.475, 13865120
04/13/10, 27.34, 27.54, 27.325, 27.51, 15057916
04/12/10, 27.325, 27.43, 27.255, 27.38, 16930468
04/09/10, 26.955, 27.305, 26.925, 27.295, 20641620
04/08/10, 26.89, 26.89, 26.72, 26.88, 19466764
04/07/10, 27.15, 27.15, 26.78, 26.91, 24060700
04/06/10, 27.42, 27.42, 27.11, 27.145, 17604012
04/05/10, 27.78, 27.78, 27.325, 27.43, 19192012
04/01/10, 27.68, 27.715, 27.5625, 27.65, 14346694
03/31/10, 27.395, 27.645, 27.25, 27.50, 22922000
03/30/10, 27.45, 27.525, 27.305, 27.435, 13631482
03/29/10, 27.40, 27.4801, 27.335, 27.385, 13853592
03/26/10, 27.395, 27.485, 27.25, 27.325, 16276766
03/25/10, 27.455, 27.5899, 27.325, 27.40, 16638648
03/24/10, 27.61, 27.68, 27.305, 27.31, 17053186
03/23/10, 27.355, 27.67, 27.205, 27.65, 19082630
03/22/10, 27.245, 27.425, 27.20, 27.27, 18127330
03/19/10, 27.07, 27.53, 26.80, 27.375, 43610762
03/18/10, 26.95, 27.02, 26.8725, 26.975, 23497480
03/17/10, 26.91, 26.995, 26.80, 26.92, 26074320
03/16/10, 26.90, 26.935, 26.785, 26.85, 22287640
03/15/10, 26.865, 26.92, 26.685, 26.825, 23873880
03/12/10, 26.845, 26.8825, 26.63, 26.675, 22335360
03/11/10, 26.89, 26.89, 26.50, 26.80, 29154620
03/10/10, 27.13, 27.185, 27.02, 27.10, 21578060
03/09/10, 27.17, 27.295, 26.975, 27.09, 23071280
03/08/10, 27.36, 27.435, 27.16, 27.23, 18916536
03/05/10, 27.345, 27.475, 27.18, 27.35, 24238520
03/04/10, 27.35, 27.52, 27.16, 27.235, 28985280
03/03/10, 26.65, 27.0601, 26.59, 26.965, 26575140
03/02/10, 26.69, 26.845, 26.575, 26.65, 24506140
03/01/10, 26.61, 26.685, 26.395, 26.635, 39450800
02/26/10, 26.545, 26.545, 26.115, 26.36, 63096738
02/25/10, 26.57, 26.79, 26.305, 26.56, 63665860
02/24/10, 27.50, 27.59, 27.345, 27.58, 14474086
02/23/10, 27.705, 27.80, 27.395, 27.415, 14835498
02/22/10, 27.90, 27.93, 27.635, 27.69, 13487482
02/19/10, 27.90, 27.95, 27.59, 27.86, 18944650
02/18/10, 27.575, 27.96, 27.575, 27.955, 17267968
02/17/10, 27.405, 27.775, 27.38, 27.665, 17064572
02/16/10, 27.255, 27.41, 26.965, 27.41, 19339344
02/12/10, 26.96, 27.20, 26.8114, 26.99, 24640860
02/11/10, 26.80, 27.165, 26.635, 27.11, 26327120
02/10/10, 27.30, 27.30, 26.5825, 26.895, 18717406
02/09/10, 26.845, 27.49, 26.685, 27.005, 31495980
02/08/10, 26.635, 26.635, 26.285, 26.325, 16725218
02/05/10, 26.62, 26.715, 26.265, 26.545, 29287900
02/04/10, 27.275, 27.34, 26.70, 26.715, 21344380
02/03/10, 27.46, 27.48, 27.265, 27.435, 15899402
02/02/10, 27.265, 27.605, 27.075, 27.525, 16888614
02/01/10, 27.255, 27.28, 27.00, 27.19, 14536172
01/29/10, 27.22, 27.47, 26.95, 27.125, 22149020
01/28/10, 27.355, 27.42, 27.0625, 27.09, 20907940
01/27/10, 27.00, 27.33, 26.85, 27.255, 20414680
01/26/10, 27.035, 27.25, 26.935, 27.07, 15515000
01/25/10, 27.245, 27.27, 26.94, 27.175, 16853166
01/22/10, 27.175, 27.43, 26.99, 27.12, 23551600
01/21/10, 27.775, 27.79, 27.095, 27.185, 27400620
01/20/10, 28.08, 28.195, 27.645, 27.75, 18813290
01/19/10, 28.11, 28.245, 27.96, 28.21, 14615206
01/15/10, 28.475, 28.675, 28.02, 28.145, 27462900
01/14/10, 28.52, 28.625, 28.385, 28.565, 12392514
01/13/10, 28.43, 28.7151, 28.345, 28.515, 15157758
01/12/10, 28.045, 28.50, 28.03, 28.44, 23269600
01/11/10, 27.575, 28.2237, 27.40, 28.135, 28643520
01/08/10, 27.73, 27.82, 27.375, 27.575, 28717480
01/07/10, 28.165, 28.185, 27.875, 28.095, 13234530
01/06/10, 28.175, 28.22, 27.99, 28.165, 19265472
01/05/10, 28.425, 28.495, 28.07, 28.175, 23173020
01/04/10, 28.58, 28.61, 28.45, 28.52, 13870548
12/31/09, 28.79, 28.875, 28.465, 28.50, 10848954
12/30/09, 28.87, 28.95, 28.74, 28.84, 9625142
12/29/09, 28.725, 28.985, 28.725, 28.87, 9551172
12/28/09, 28.705, 28.79, 28.64, 28.72, 7679410
12/24/09, 28.745, 28.755, 28.525, 28.72, 5814108
12/23/09, 28.60, 28.75, 28.495, 28.645, 10939572
12/22/09, 28.575, 28.79, 28.545, 28.635, 12111668
12/21/09, 28.51, 28.805, 28.45, 28.59, 14616174
12/18/09, 28.63, 28.63, 28.155, 28.46, 37737718
12/17/09, 29.13, 29.135, 28.47, 28.49, 25472720
12/16/09, 29.475, 29.60, 29.19, 29.21, 19604830
12/15/09, 29.575, 29.595, 29.425, 29.53, 15299664
12/14/09, 29.555, 29.725, 29.46, 29.52, 16670128
12/11/09, 29.30, 29.70, 29.30, 29.555, 30435580
12/10/09, 28.99, 29.46, 28.96, 29.29, 30755360
12/09/09, 28.725, 28.925, 28.515, 28.915, 19495036
12/08/09, 28.765, 28.87, 28.535, 28.84, 18290792
12/07/09, 28.48, 29.0475, 28.35, 28.935, 16705264
12/04/09, 28.80, 29.015, 28.405, 28.745, 24927260
12/03/09, 29.045, 29.045, 28.58, 28.635, 20243600
12/02/09, 28.915, 29.10, 28.84, 28.98, 13600348
12/01/09, 28.795, 29.1275, 28.69, 29.04, 15359958
11/30/09, 28.645, 28.66, 28.40, 28.60, 18884930
11/27/09, 28.49, 28.765, 28.20, 28.59, 15675378
11/25/09, 29.185, 29.185, 28.995, 29.055, 13383020
11/24/09, 29.215, 29.215, 28.93, 29.095, 15598152
11/23/09, 28.855, 29.175, 28.855, 29.12, 18542284
11/20/09, 28.345, 28.845, 28.345, 28.74, 20698680
11/19/09, 28.12, 28.49, 28.02, 28.44, 18154338
11/18/09, 28.465, 28.50, 28.145, 28.29, 15253038
11/17/09, 28.32, 28.46, 28.225, 28.435, 11343930
11/16/09, 28.325, 28.545, 28.215, 28.37, 16239676
11/13/09, 28.03, 28.35, 27.95, 28.23, 23357800
11/12/09, 28.055, 28.19, 27.925, 27.97, 15195974
11/11/09, 28.03, 28.135, 27.87, 28.065, 14304802
11/10/09, 27.675, 28.095, 27.625, 27.905, 16139960
11/09/09, 27.295, 27.75, 27.085, 27.74, 19231198
11/06/09, 26.985, 27.25, 26.905, 27.245, 10680340
11/05/09, 26.755, 27.24, 26.725, 27.20, 16316262
11/04/09, 26.71, 27.00, 26.515, 26.745, 14114282
11/03/09, 26.825, 26.84, 26.385, 26.56, 16330324
11/02/09, 26.755, 26.96, 26.58, 26.86, 18603758
10/30/09, 27.03, 27.135, 26.555, 26.655, 21812260
10/29/09, 26.76, 27.056, 26.575, 27.045, 14806996
10/28/09, 26.625, 27.00, 26.615, 26.755, 16017144
10/27/09, 26.62, 26.96, 26.545, 26.73, 14735084
10/26/09, 26.54, 27.15, 26.355, 26.615, 21567640
10/23/09, 26.955, 27.075, 26.5575, 26.62, 21709960
10/22/09, 26.79, 27.135, 26.705, 27.075, 16360924
10/21/09, 26.91, 27.345, 26.85, 27.035, 16511714
10/20/09, 26.795, 27.075, 26.59, 27.035, 26859500
10/19/09, 27.57, 27.75, 27.335, 27.395, 20659980
10/16/09, 27.46, 27.60, 27.345, 27.505, 22090600
10/15/09, 27.365, 27.605, 27.175, 27.46, 24242980
10/14/09, 27.46, 27.515, 27.295, 27.42, 16080868
10/13/09, 27.385, 27.48, 27.275, 27.40, 11939782
10/12/09, 27.415, 27.625, 27.265, 27.395, 16014282
10/09/09, 27.335, 27.45, 27.1259, 27.325, 11828208
10/08/09, 27.505, 27.505, 27.16, 27.295, 18030244
10/07/09, 27.43, 27.64, 27.16, 27.405, 20761400
10/06/09, 26.905, 27.325, 26.83, 27.16, 19109674
10/05/09, 26.905, 27.00, 26.65, 26.90, 15555566
10/02/09, 26.53, 27.04, 26.455, 26.935, 25169340
10/01/09, 26.70, 26.85, 26.52, 26.56, 28070880
09/30/09, 26.66, 26.975, 26.30, 26.85, 28275780
09/29/09, 26.70, 26.77, 26.595, 26.655, 17321072
09/28/09, 26.515, 26.815, 26.45, 26.565, 15193554
09/25/09, 26.165, 26.64, 26.135, 26.485, 21737440
09/24/09, 26.29, 26.57, 26.115, 26.17, 24283880
09/23/09, 26.47, 26.575, 26.085, 26.29, 20835400
09/22/09, 26.655, 26.655, 26.365, 26.425, 19426656
09/21/09, 26.74, 26.88, 26.39, 26.50, 24712120
09/18/09, 26.84, 27.06, 26.65, 26.88, 124173796
09/17/09, 26.25, 26.725, 26.21, 26.71, 27358440
09/16/09, 26.22, 26.41, 25.95, 26.335, 26114960
09/15/09, 26.04, 26.29, 25.825, 26.225, 27725540
09/14/09, 25.54, 26.235, 25.455, 26.08, 33166898
09/11/09, 25.065, 25.87, 25.00, 25.755, 34130460
09/10/09, 25.265, 25.40, 25.08, 25.29, 21545160
09/09/09, 25.195, 25.4025, 25.12, 25.315, 15813210
09/08/09, 24.97, 25.395, 24.86, 25.205, 31284160
09/04/09, 24.65, 25.04, 24.525, 24.975, 15118544
09/03/09, 24.815, 24.925, 24.615, 24.79, 22579940
09/02/09, 24.275, 25.15, 24.275, 24.90, 40824180
09/01/09, 24.36, 24.625, 24.19, 24.265, 24554640
08/31/09, 24.42, 24.685, 24.25, 24.385, 21321420
08/28/09, 24.81, 24.82, 24.46, 24.53, 13716036
08/27/09, 24.59, 24.82, 24.38, 24.72, 13884764
08/26/09, 24.41, 24.66, 24.35, 24.59, 13591826
08/25/09, 24.56, 24.575, 24.345, 24.37, 21428140
08/24/09, 24.90, 24.90, 24.405, 24.53, 21744680
08/21/09, 24.80, 24.99, 24.625, 24.955, 17650556
08/20/09, 24.695, 24.79, 24.56, 24.71, 11873070
08/19/09, 24.16, 24.74, 24.16, 24.68, 17039412
08/18/09, 24.375, 24.475, 24.24, 24.305, 15516780
08/17/09, 24.22, 24.395, 24.06, 24.35, 16213556
08/14/09, 24.025, 24.235, 24.00, 24.235, 14806258
08/13/09, 24.215, 24.325, 23.71, 24.06, 26560600
08/12/09, 24.48, 24.545, 24.215, 24.23, 24901360
08/11/09, 24.71, 24.74, 24.475, 24.52, 12509014
08/10/09, 24.63, 24.74, 24.49, 24.72, 13499118
08/07/09, 24.83, 24.875, 24.585, 24.67, 13305676
08/06/09, 24.705, 24.775, 24.60, 24.695, 13811860
08/05/09, 24.755, 24.795, 24.50, 24.585, 15009938
08/04/09, 24.78, 25.075, 24.675, 24.75, 17583186
08/03/09, 25.015, 25.05, 24.65, 24.80, 18445538
07/31/09, 24.82, 25.10, 24.75, 24.92, 16822850
07/30/09, 24.91, 25.25, 24.775, 24.835, 19437958
07/29/09, 24.71, 24.97, 24.545, 24.64, 18125090
07/28/09, 24.715, 24.875, 24.50, 24.695, 16079470
07/27/09, 24.68, 24.795, 24.575, 24.76, 16259010
07/24/09, 24.705, 24.82, 24.42, 24.68, 16573820
07/23/09, 24.565, 25.01, 24.44, 24.59, 26759540
07/22/09, 25.16, 25.17, 24.425, 24.565, 28360340
07/21/09, 25.415, 25.415, 24.90, 25.175, 28739000
07/20/09, 25.305, 25.515, 25.035, 25.515, 19108344
07/17/09, 25.155, 25.275, 25.015, 25.16, 19808742
07/16/09, 25.175, 25.44, 25.08, 25.395, 15817636
07/15/09, 24.735, 25.29, 24.695, 25.265, 20127000
07/14/09, 24.51, 24.675, 24.37, 24.645, 15369038
07/13/09, 24.19, 24.59, 24.05, 24.525, 20608800
07/10/09, 24.25, 24.435, 24.01, 24.155, 15620218
07/09/09, 24.36, 24.425, 24.255, 24.355, 17426930
07/08/09, 24.275, 24.44, 24.085, 24.255, 21320980
07/07/09, 24.365, 24.585, 24.275, 24.32, 17108824
07/06/09, 24.34, 24.525, 24.19, 24.50, 16671728
07/02/09, 24.385, 24.715, 24.385, 24.44, 22201400
07/01/09, 24.24, 24.7975, 24.205, 24.59, 24212340
06/30/09, 24.105, 24.125, 23.905, 23.995, 31447620
06/29/09, 24.07, 24.25, 24.06, 24.145, 17526474
06/26/09, 23.86, 24.145, 23.815, 24.065, 26201500
06/25/09, 23.71, 24.015, 23.59, 23.925, 20630020
06/24/09, 24.06, 24.245, 23.68, 23.75, 17778134
06/23/09, 24.095, 24.265, 23.875, 23.90, 18727164
06/22/09, 24.26, 24.405, 23.995, 23.995, 21359760
06/19/09, 24.865, 24.945, 24.355, 24.405, 30718280
06/18/09, 23.995, 24.82, 23.98, 24.775, 24154840
06/17/09, 23.94, 24.32, 23.92, 23.965, 16653620
06/16/09, 24.095, 24.165, 23.91, 23.915, 15866872
06/15/09, 24.305, 24.33, 24.05, 24.055, 17630184
06/12/09, 24.34, 24.52, 24.24, 24.445, 17240620
06/11/09, 24.06, 24.605, 24.04, 24.29, 20572220
06/10/09, 24.65, 24.68, 24.025, 24.205, 28236740
06/09/09, 24.755, 24.80, 24.4275, 24.545, 20322360
06/08/09, 24.615, 24.815, 24.405, 24.69, 15849304
06/05/09, 24.955, 24.97, 24.615, 24.72, 19833264
06/04/09, 24.57, 24.895, 24.355, 24.88, 21710240
06/03/09, 24.67, 24.75, 24.385, 24.545, 26863020
06/02/09, 24.505, 24.965, 24.44, 24.83, 33441800
06/01/09, 24.625, 24.725, 24.36, 24.51, 42668520
05/29/09, 23.505, 24.58, 23.475, 24.58, 45437422
05/28/09, 23.325, 23.60, 23.18, 23.45, 18940152
05/27/09, 23.565, 23.595, 23.27, 23.315, 19064908
05/26/09, 23.50, 23.74, 23.44, 23.605, 28784800
05/22/09, 23.335, 23.855, 23.32, 23.65, 24576220
05/21/09, 23.32, 23.41, 23.20, 23.34, 28367240
05/20/09, 23.405, 23.645, 23.27, 23.50, 33380960
05/19/09, 23.07, 23.465, 22.91, 23.32, 31898720
05/18/09, 22.57, 23.06, 22.34, 23.035, 28462840
05/15/09, 22.415, 22.54, 22.3167, 22.48, 34102140
05/14/09, 21.96, 22.585, 21.955, 22.45, 34590140
05/13/09, 22.015, 22.195, 21.72, 21.815, 23717620
05/12/09, 21.48, 22.345, 21.43, 22.20, 37052020
05/11/09, 21.365, 21.595, 21.27, 21.375, 18438116
05/08/09, 21.475, 21.585, 21.255, 21.46, 24164240
05/07/09, 21.66, 21.66, 21.285, 21.40, 27058960
05/06/09, 21.75, 21.795, 21.375, 21.47, 19488538
05/05/09, 21.66, 21.875, 21.51, 21.57, 22393520
05/04/09, 21.30, 21.62, 21.115, 21.585, 26789280
05/01/09, 21.57, 21.605, 21.09, 21.235, 21220900
04/30/09, 21.565, 22.035, 21.40, 21.525, 35959102
04/29/09, 21.185, 21.545, 21.18, 21.355, 20426220
04/28/09, 21.055, 21.275, 21.00, 21.14, 18167796
04/27/09, 21.21, 21.485, 21.04, 21.12, 23763960
04/24/09, 21.475, 21.545, 21.285, 21.395, 29316020
04/23/09, 21.535, 21.575, 21.3425, 21.46, 28036140
04/22/09, 21.60, 21.61, 21.30, 21.465, 28969300
04/21/09, 22.08, 22.475, 21.31, 21.545, 37529718
04/20/09, 22.425, 22.50, 21.905, 22.165, 27667600
04/17/09, 22.625, 22.72, 22.33, 22.51, 22425880
04/16/09, 22.685, 22.755, 22.17, 22.55, 17325502
04/15/09, 22.10, 22.56, 22.05, 22.515, 16665460
04/14/09, 22.30, 22.30, 21.905, 22.105, 16458324
04/13/09, 22.475, 22.485, 22.20, 22.365, 13174350
04/09/09, 22.855, 22.865, 22.41, 22.495, 16204268
04/08/09, 22.345, 22.57, 22.26, 22.495, 13605098
04/07/09, 22.42, 22.585, 22.23, 22.31, 15667298
04/06/09, 22.35, 22.615, 22.27, 22.495, 16083982
04/03/09, 22.685, 22.88, 22.24, 22.485, 17890010
04/02/09, 22.65, 22.9125, 22.325, 22.67, 24926660
04/01/09, 21.88, 22.495, 21.75, 22.43, 21254640
03/31/09, 22.135, 22.36, 21.93, 21.975, 23837560
03/30/09, 22.25, 22.33, 21.715, 21.96, 22905760
03/27/09, 22.215, 22.60, 22.215, 22.55, 23103820
03/26/09, 22.475, 22.50, 21.91, 22.425, 27807780
03/25/09, 22.20, 22.445, 22.015, 22.375, 24486720
03/24/09, 21.80, 22.17, 21.705, 22.01, 21878960
03/23/09, 21.58, 22.07, 21.50, 22.07, 26502420
03/20/09, 21.16, 21.57, 21.155, 21.32, 38332340
03/19/09, 20.925, 21.125, 20.90, 21.09, 22777720
03/18/09, 20.65, 21.125, 20.50, 20.825, 28796280
03/17/09, 20.67, 20.835, 20.41, 20.725, 20243280
03/16/09, 20.73, 21.005, 20.56, 20.635, 23203840
03/13/09, 20.54, 20.725, 20.215, 20.61, 24396640
03/12/09, 19.79, 20.4305, 19.675, 20.42, 25473800
03/11/09, 19.58, 19.975, 19.525, 19.785, 27254200
03/10/09, 19.815, 19.835, 19.325, 19.58, 35183602
03/09/09, 19.74, 19.935, 19.365, 19.375, 35127820
03/06/09, 19.075, 19.605, 19.05, 19.55, 33002800
03/05/09, 19.58, 19.72, 18.72, 18.925, 36470960
03/04/09, 19.625, 20.16, 19.42, 19.865, 33885480
03/03/09, 19.905, 20.15, 19.38, 19.415, 37264422
03/02/09, 20.225, 20.36, 19.81, 19.845, 31199640
02/27/09, 20.48, 20.6475, 20.225, 20.425, 35449960
02/26/09, 21.385, 21.385, 20.505, 20.535, 21336280
02/25/09, 21.47, 21.64, 21.08, 21.185, 26352740
02/24/09, 21.36, 21.60, 21.095, 21.53, 26217920
02/23/09, 21.51, 21.595, 20.96, 21.045, 23461620
02/20/09, 21.485, 21.735, 21.19, 21.42, 30173400
02/19/09, 21.555, 21.86, 21.34, 21.65, 19814474
02/18/09, 21.39, 21.52, 21.125, 21.34, 18108694
02/17/09, 21.50, 21.595, 21.22, 21.30, 26438380
02/13/09, 22.10, 22.19, 21.845, 21.925, 22736540
02/12/09, 21.325, 22.225, 21.075, 22.195, 61228782
02/11/09, 20.48, 20.795, 20.48, 20.635, 21246600
02/10/09, 21.005, 21.155, 20.14, 20.335, 45494680
02/09/09, 21.66, 21.68, 21.00, 21.155, 19690368
02/06/09, 21.365, 21.845, 21.33, 21.775, 18723604
02/05/09, 21.11, 21.445, 20.955, 21.345, 22119760
02/04/09, 21.675, 21.775, 21.14, 21.20, 18308810
02/03/09, 21.25, 21.75, 20.99, 21.66, 17951784
02/02/09, 21.105, 21.25, 20.765, 21.12, 15967012
01/30/09, 21.72, 21.84, 21.265, 21.36, 22607240
01/29/09, 21.85, 22.245, 21.67, 21.775, 21362580
01/28/09, 22.00, 22.00, 21.625, 21.93, 18563936
01/27/09, 21.64, 21.965, 21.50, 21.665, 19822660
01/26/09, 21.15, 21.69, 21.06, 21.515, 25212940
01/23/09, 21.325, 21.3295, 20.78, 21.10, 31256020
01/22/09, 21.32, 21.615, 21.15, 21.56, 23490480
01/21/09, 21.70, 21.725, 21.08, 21.645, 23800780
01/20/09, 21.89, 22.25, 21.44, 21.44, 28332080
01/16/09, 21.95, 22.24, 21.735, 21.92, 28353180
01/15/09, 21.285, 21.695, 21.20, 21.68, 28061760
01/14/09, 21.75, 21.765, 21.135, 21.31, 27053640
01/13/09, 21.90, 22.16, 21.81, 22.01, 22602300
01/12/09, 22.23, 22.335, 21.755, 21.865, 20469700
01/09/09, 22.615, 22.63, 22.125, 22.30, 19802336
01/08/09, 22.42, 22.64, 22.28, 22.62, 20086820
01/07/09, 22.11, 22.59, 22.11, 22.465, 21581120
01/06/09, 22.85, 22.985, 22.23, 22.355, 21313640
01/05/09, 22.785, 22.945, 22.59, 22.72, 20237480
01/02/09, 22.70, 23.00, 22.5225, 22.95, 16355768
12/31/08, 22.585, 22.75, 22.53, 22.635, 15550348
12/30/08, 22.31, 22.57, 22.27, 22.465, 16001948
12/29/08, 22.43, 22.43, 21.861, 22.205, 13951742
12/26/08, 22.205, 22.465, 22.135, 22.29, 9626676
12/24/08, 22.025, 22.175, 22.00, 22.05, 5325248
12/23/08, 22.365, 22.565, 21.93, 21.985, 20210840
12/22/08, 22.365, 22.405, 22.00, 22.33, 22377660
12/19/08, 22.725, 23.005, 22.09, 22.215, 50548140
12/18/08, 23.035, 23.225, 22.385, 22.59, 31095680
12/17/08, 23.04, 23.225, 22.505, 22.74, 27721840
12/16/08, 22.635, 23.395, 22.365, 23.23, 35062922
12/15/08, 22.44, 22.635, 21.92, 22.485, 20399580
12/12/08, 21.875, 22.32, 21.50, 22.285, 30457840
12/11/08, 22.59, 22.82, 21.95, 22.11, 33285840
12/10/08, 22.235, 22.94, 22.235, 22.655, 29368940
12/09/08, 22.765, 23.275, 22.19, 22.415, 26635160
12/08/08, 23.245, 23.53, 22.72, 22.99, 26908640
12/05/08, 22.165, 23.045, 21.71, 22.99, 28276160
12/04/08, 22.785, 23.285, 22.105, 22.375, 32059100
12/03/08, 21.835, 23.20, 21.75, 23.07, 39896320
12/02/08, 22.51, 22.51, 21.47, 21.965, 28669840
12/01/08, 23.095, 23.255, 22.15, 22.165, 25153040
11/28/08, 22.60, 23.455, 22.60, 23.435, 12566506
11/26/08, 22.13, 22.725, 21.875, 22.69, 21348880
11/25/08, 22.915, 23.255, 22.13, 22.535, 32546560
11/24/08, 22.245, 23.055, 21.85, 22.615, 36721000
11/21/08, 20.82, 22.145, 20.25, 22.00, 50106218
11/20/08, 21.00, 21.88, 20.50, 20.535, 42269700
11/19/08, 21.825, 22.30, 21.105, 21.135, 32382440
11/18/08, 21.66, 21.875, 21.0148, 21.745, 38923300
11/17/08, 22.31, 22.465, 21.60, 21.985, 30685820
11/14/08, 22.795, 23.59, 22.49, 22.51, 33382602
11/13/08, 21.925, 23.185, 21.66, 23.14, 37547762
11/12/08, 21.845, 22.285, 21.405, 21.915, 35028378
11/11/08, 22.795, 22.89, 21.965, 22.22, 27492500
11/10/08, 23.435, 23.645, 22.555, 22.95, 23040000
11/07/08, 22.42, 23.46, 22.245, 23.125, 29183200
11/06/08, 22.375, 22.73, 21.93, 22.245, 34002782
11/05/08, 22.86, 23.22, 22.30, 22.365, 23496880
11/04/08, 23.35, 23.495, 22.805, 23.015, 23809700
11/03/08, 22.255, 22.825, 22.08, 22.725, 18576218
10/31/08, 22.57, 23.00, 21.75, 22.03, 31870120
10/30/08, 22.47, 22.75, 21.935, 22.33, 25942720
10/29/08, 22.30, 22.90, 21.75, 21.925, 29860040
10/28/08, 20.78, 22.66, 20.56, 22.625, 36052762
10/27/08, 20.575, 21.61, 20.50, 20.505, 29417800
10/24/08, 20.50, 21.50, 20.50, 20.805, 40799442
10/23/08, 22.80, 22.80, 20.75, 21.53, 56326700
10/22/08, 22.80, 23.11, 22.11, 22.69, 31891100
10/21/08, 23.18, 23.565, 23.00, 23.015, 21926980
10/20/08, 22.545, 23.435, 22.265, 23.23, 27773780
10/17/08, 22.48, 23.085, 21.455, 22.10, 42033398
10/16/08, 22.40, 22.955, 21.065, 22.89, 53073602
10/15/08, 23.415, 23.665, 21.955, 22.105, 56259040
10/14/08, 23.55, 23.55, 21.325, 21.865, 57671680
10/13/08, 21.715, 23.765, 21.605, 23.63, 50480000
10/10/08, 21.025, 22.525, 20.145, 20.75, 73571296
10/09/08, 23.785, 23.815, 21.65, 21.65, 46292860
10/08/08, 24.325, 24.80, 23.225, 23.705, 49084540
10/07/08, 25.65, 25.775, 24.54, 24.65, 34821500
10/06/08, 25.67, 26.145, 24.36, 25.46, 46243442
10/03/08, 26.89, 27.50, 26.195, 26.285, 27852860
10/02/08, 26.525, 27.135, 26.45, 26.80, 30668840
10/01/08, 26.31, 27.14, 26.26, 27.08, 29101200
09/30/08, 25.905, 26.45, 25.505, 26.44, 35193122
09/29/08, 26.04, 26.48, 25.205, 25.515, 39031122
09/26/08, 25.47, 26.33, 25.42, 26.24, 27517040
09/25/08, 25.20, 26.115, 25.18, 25.73, 26174720
09/24/08, 25.50, 25.55, 24.935, 25.095, 21742860
09/23/08, 25.715, 26.17, 25.285, 25.34, 25686760
09/22/08, 26.255, 26.33, 25.655, 25.69, 23355180
09/19/08, 27.375, 27.375, 25.06, 26.36, 47989738
09/18/08, 26.61, 27.02, 26.05, 26.695, 40347140
09/17/08, 27.28, 27.445, 26.325, 26.33, 37535820
09/16/08, 27.015, 27.515, 26.85, 27.425, 32829378
09/15/08, 26.88, 27.885, 26.77, 27.375, 32247800
09/12/08, 26.925, 27.275, 26.775, 27.25, 20364140
09/11/08, 26.595, 27.29, 26.525, 27.075, 27361600
09/10/08, 27.035, 27.05, 26.655, 26.905, 24609480
09/09/08, 26.585, 27.26, 26.585, 26.94, 29464280
09/08/08, 26.36, 26.765, 26.15, 26.69, 22308100
09/05/08, 25.845, 26.055, 25.74, 25.965, 18286290
09/04/08, 25.87, 26.14, 25.60, 25.855, 25901140
09/03/08, 25.83, 26.02, 25.635, 25.83, 22448700
09/02/08, 26.11, 26.48, 25.955, 25.98, 25763300
08/29/08, 26.545, 26.545, 26.02, 26.035, 17841604
08/28/08, 26.625, 26.785, 26.45, 26.56, 20860880
08/27/08, 26.795, 27.005, 26.61, 26.895, 13605454
08/26/08, 26.785, 26.945, 26.575, 26.76, 9461362
08/25/08, 27.07, 27.295, 26.685, 26.785, 12329044
08/22/08, 26.81, 27.255, 26.705, 27.185, 14812462
08/21/08, 27.095, 27.12, 26.61, 26.755, 11670712
08/20/08, 27.275, 27.37, 26.95, 27.175, 11033156
08/19/08, 27.115, 27.2945, 26.99, 27.165, 16564006
08/18/08, 27.535, 27.68, 26.97, 27.165, 21154320
08/15/08, 27.61, 27.81, 27.375, 27.53, 23891940
08/14/08, 27.525, 27.92, 27.375, 27.51, 15411750
08/13/08, 27.28, 27.72, 27.20, 27.605, 19036742
08/12/08, 27.595, 27.91, 27.06, 27.395, 16704528
08/11/08, 27.57, 27.915, 27.425, 27.675, 14183524
08/08/08, 27.00, 27.765, 26.855, 27.705, 19658098
08/07/08, 27.58, 27.58, 26.92, 27.005, 19928798
08/06/08, 27.435, 27.74, 27.30, 27.68, 20379860
08/05/08, 27.05, 27.50, 27.025, 27.455, 25483200
08/04/08, 26.56, 27.04, 26.45, 26.95, 22278840
08/01/08, 25.97, 26.61, 25.87, 26.57, 33155820
07/31/08, 25.75, 25.925, 25.61, 25.75, 21216640
07/30/08, 25.925, 26.00, 25.50, 25.655, 19486824
07/29/08, 25.605, 25.905, 25.56, 25.785, 16244754
07/28/08, 26.00, 26.03, 25.555, 25.575, 14039814
07/25/08, 26.125, 26.125, 25.765, 26.03, 16867392
07/24/08, 26.215, 26.445, 25.765, 25.93, 21340380
07/23/08, 25.76, 26.275, 25.51, 26.25, 25824100
07/22/08, 25.06, 26.06, 25.03, 25.675, 43142540
07/21/08, 25.05, 25.05, 24.72, 24.80, 21761420
07/18/08, 25.24, 25.24, 24.825, 25.015, 36494360
07/17/08, 25.60, 25.68, 24.85, 25.17, 79214578
07/16/08, 25.94, 26.30, 25.625, 26.17, 27189080
07/15/08, 25.325, 26.00, 25.295, 25.895, 38457282
07/14/08, 25.27, 25.63, 25.27, 25.48, 25123340
07/11/08, 24.83, 25.25, 24.76, 25.135, 26939300
07/10/08, 25.475, 25.475, 24.85, 25.02, 30312580
07/09/08, 25.815, 25.82, 25.43, 25.445, 23205580
07/08/08, 25.54, 25.84, 25.50, 25.735, 26657320
07/07/08, 25.835, 25.89, 25.50, 25.645, 23402980
07/03/08, 25.685, 25.875, 25.595, 25.74, 14907452
07/02/08, 25.505, 25.78, 25.435, 25.685, 32506180
07/01/08, 25.96, 25.96, 25.46, 25.50, 35341680
06/30/08, 25.93, 26.45, 25.72, 25.99, 30141920
06/27/08, 26.585, 26.62, 25.915, 25.92, 35673680
06/26/08, 26.96, 27.31, 26.565, 26.61, 30532040
06/25/08, 26.73, 27.29, 26.70, 27.05, 23750540
06/24/08, 26.50, 26.76, 26.315, 26.685, 21827480
06/23/08, 26.925, 26.925, 26.51, 26.63, 17910430
06/20/08, 26.535, 26.945, 26.465, 26.83, 33273040
06/19/08, 26.70, 26.80, 26.50, 26.68, 25221020
06/18/08, 26.89, 27.00, 26.555, 26.58, 26037720
06/17/08, 27.275, 27.35, 26.98, 26.98, 28668480
06/16/08, 27.71, 27.76, 27.02, 27.09, 35385378
06/13/08, 28.515, 28.55, 26.96, 27.71, 61756738
06/12/08, 28.655, 28.795, 28.375, 28.57, 19043854
06/11/08, 28.86, 28.915, 28.505, 28.57, 23459000
06/10/08, 28.065, 29.30, 28.00, 29.005, 32679900
06/09/08, 27.75, 28.125, 27.75, 27.93, 19351584
06/06/08, 28.505, 28.555, 27.87, 27.90, 24947620
06/05/08, 28.375, 28.63, 28.23, 28.595, 15701578
06/04/08, 28.125, 28.485, 28.125, 28.35, 14971962
06/03/08, 28.43, 28.625, 28.145, 28.20, 19540146
06/02/08, 28.525, 28.685, 28.225, 28.50, 19121174
05/30/08, 28.845, 28.995, 28.51, 28.63, 26833520
05/29/08, 28.765, 29.065, 28.57, 28.935, 24705080
05/28/08, 29.42, 29.42, 28.67, 28.72, 24045460
05/27/08, 29.275, 29.35, 29.055, 29.295, 15614084
05/23/08, 29.055, 29.52, 29.005, 29.315, 30582920
05/22/08, 28.34, 29.21, 28.265, 29.135, 25230420
05/21/08, 28.455, 28.65, 28.225, 28.325, 25203660
05/20/08, 28.75, 28.825, 28.48, 28.545, 17955192
05/19/08, 28.55, 28.92, 28.47, 28.76, 20009540
05/16/08, 28.53, 28.70, 28.39, 28.535, 17960822
05/15/08, 28.25, 28.585, 28.13, 28.505, 16503060
05/14/08, 28.32, 28.50, 28.095, 28.27, 20732380
05/13/08, 28.145, 28.38, 28.135, 28.25, 20877100
05/12/08, 28.09, 28.23, 28.00, 28.20, 17243248
05/09/08, 28.145, 28.17, 27.915, 28.075, 20828820
05/08/08, 28.675, 28.785, 28.025, 28.145, 28003600
05/07/08, 29.135, 29.14, 28.495, 28.515, 29866780
05/06/08, 29.125, 29.19, 28.94, 29.135, 13390706
05/05/08, 29.385, 29.49, 29.07, 29.19, 14121592
05/02/08, 29.545, 29.75, 29.30, 29.385, 16519108
05/01/08, 29.305, 29.58, 29.20, 29.545, 15128172
04/30/08, 29.36, 29.885, 29.345, 29.435, 23361680
04/29/08, 29.40, 29.50, 29.185, 29.36, 14868988
04/28/08, 29.665, 29.95, 29.43, 29.49, 16098138
04/25/08, 30.125, 30.25, 29.48, 29.665, 18802270
04/24/08, 30.14, 30.50, 29.895, 30.125, 12836596
04/23/08, 29.88, 30.195, 29.88, 30.16, 18987242
04/22/08, 30.11, 30.20, 29.85, 29.945, 17273812
04/21/08, 29.96, 30.22, 29.825, 30.175, 12428606
04/18/08, 30.38, 30.54, 29.825, 30.055, 22254080
04/17/08, 30.495, 30.69, 30.27, 30.34, 16659676
04/16/08, 30.875, 30.92, 30.27, 30.575, 23118520
04/15/08, 30.515, 30.61, 30.21, 30.47, 23445140
04/14/08, 30.195, 30.675, 30.075, 30.50, 20029920
04/11/08, 30.51, 30.75, 30.045, 30.145, 15567582
04/10/08, 30.44, 30.74, 30.235, 30.665, 14842280
04/09/08, 30.25, 30.415, 30.155, 30.39, 12997828
04/08/08, 30.135, 30.285, 29.935, 30.255, 19942730
04/07/08, 30.135, 30.305, 30.135, 30.185, 16193092
04/04/08, 30.265, 30.465, 30.10, 30.125, 15262710
04/03/08, 30.145, 30.4509, 30.125, 30.28, 16176016
04/02/08, 30.685, 30.685, 30.105, 30.23, 18166930
04/01/08, 30.505, 30.75, 30.4475, 30.72, 25870340
03/31/08, 30.40, 30.60, 30.32, 30.435, 17745418
03/28/08, 30.79, 30.80, 30.44, 30.47, 13662782
03/27/08, 30.68, 30.95, 30.605, 30.655, 16211166
03/26/08, 30.705, 30.85, 30.50, 30.575, 16547698
03/25/08, 30.59, 30.91, 30.535, 30.705, 15296792
03/24/08, 30.625, 30.75, 30.27, 30.59, 14036132
03/20/08, 30.08, 30.57, 29.98, 30.52, 31027360
03/19/08, 29.685, 30.415, 29.685, 29.98, 23258520
03/18/08, 29.10, 29.705, 28.97, 29.705, 18328712
03/17/08, 28.45, 29.01, 28.375, 28.845, 21630120
03/14/08, 29.465, 29.465, 28.565, 28.765, 26531220
03/13/08, 29.34, 29.55, 29.155, 29.465, 17541858
03/12/08, 29.575, 29.745, 29.48, 29.595, 22601060
03/11/08, 29.505, 29.84, 29.435, 29.735, 29836200
03/10/08, 29.425, 29.67, 29.325, 29.33, 18909592
03/07/08, 29.375, 29.70, 29.25, 29.425, 18332546
03/06/08, 29.755, 29.925, 29.51, 29.55, 14563078
03/05/08, 29.62, 30.00, 29.515, 29.84, 16079286
03/04/08, 29.295, 29.79, 29.26, 29.685, 20105800
03/03/08, 29.175, 29.575, 29.175, 29.51, 12492596
02/29/08, 29.55, 29.665, 29.09, 29.23, 15967308
02/28/08, 30.00, 30.06, 29.575, 29.73, 15435814
02/27/08, 29.64, 30.205, 29.64, 30.025, 19804676
02/26/08, 29.30, 29.795, 29.16, 29.76, 16589636
02/25/08, 29.10, 29.535, 29.10, 29.385, 16020708
02/22/08, 29.00, 29.165, 28.695, 29.13, 14768238
02/21/08, 29.16, 29.28, 28.865, 28.995, 17465060
02/20/08, 29.04, 29.14, 28.775, 29.115, 14831882
02/19/08, 29.50, 29.525, 28.985, 29.05, 17217868
02/15/08, 29.22, 29.41, 29.005, 29.38, 20757740
02/14/08, 29.76, 29.845, 29.20, 29.275, 25045080
02/13/08, 30.225, 30.225, 29.505, 29.695, 29031340
02/12/08, 29.90, 30.25, 29.825, 29.96, 23821640
02/11/08, 29.675, 29.85, 29.40, 29.75, 13635778
02/08/08, 29.545, 29.89, 29.495, 29.625, 20221420
02/07/08, 28.92, 29.34, 28.92, 29.225, 23312640
02/06/08, 28.95, 29.095, 28.785, 28.855, 16816376
02/05/08, 29.24, 29.25, 28.655, 28.70, 24709580
02/04/08, 29.71, 29.725, 29.235, 29.315, 15315718
02/01/08, 29.645, 29.985, 29.255, 29.63, 16520058
01/31/08, 28.65, 29.68, 28.62, 29.50, 24041700
01/30/08, 29.25, 29.42, 28.78, 28.885, 23066740
01/29/08, 29.83, 29.83, 29.14, 29.275, 26833460
01/28/08, 29.185, 29.71, 29.025, 29.705, 18338374
01/25/08, 30.17, 30.17, 29.115, 29.205, 25704840
01/24/08, 29.58, 30.01, 29.47, 29.94, 30700400
01/23/08, 28.765, 29.47, 28.245, 29.435, 32255280
01/22/08, 29.365, 29.70, 28.50, 29.395, 37334320
01/18/08, 31.17, 31.225, 30.08, 30.37, 33757102
01/17/08, 31.625, 31.655, 30.95, 31.02, 37272898
01/16/08, 31.64, 31.925, 31.24, 31.325, 25333560
01/15/08, 31.815, 32.10, 31.78, 31.805, 22999320
01/14/08, 31.875, 32.26, 31.875, 32.15, 22931340
01/11/08, 32.69, 32.69, 31.73, 31.885, 32147660
01/10/08, 32.50, 32.795, 32.355, 32.78, 28943980
01/09/08, 31.81, 32.655, 31.80, 32.635, 35949558
01/08/08, 31.795, 32.20, 31.655, 31.785, 20883040
01/07/08, 31.05, 31.72, 30.95, 31.655, 21663420
01/04/08, 30.84, 31.355, 30.835, 30.925, 18027262
01/03/08, 30.585, 31.05, 30.535, 30.865, 13902452
01/02/08, 30.725, 30.79, 30.365, 30.545, 15453680
12/31/07, 31.03, 31.10, 30.61, 30.685, 11483730
12/28/07, 31.16, 31.38, 31.00, 31.135, 8316696
12/27/07, 31.45, 31.60, 31.105, 31.15, 7645480
12/26/07, 31.725, 31.725, 31.38, 31.505, 8632706
12/24/07, 31.52, 31.725, 31.40, 31.605, 4593652
12/21/07, 31.25, 31.735, 31.15, 31.535, 25318380
12/20/07, 31.375, 31.4789, 30.95, 31.14, 15065292
12/19/07, 31.10, 31.50, 31.05, 31.425, 14401990
12/18/07, 31.40, 31.405, 30.94, 31.11, 21506380
12/17/07, 32.00, 32.075, 31.14, 31.235, 23827240
12/14/07, 31.88, 32.16, 31.87, 31.905, 19005666
12/13/07, 31.79, 32.07, 31.69, 32.045, 12418726
12/12/07, 31.615, 32.025, 31.475, 31.885, 23241360
12/11/07, 31.62, 31.945, 31.47, 31.485, 17336572
12/10/07, 31.54, 31.75, 31.44, 31.635, 8487772
12/07/07, 31.53, 31.875, 31.53, 31.575, 13413698
12/06/07, 31.455, 31.585, 31.19, 31.535, 15824464
12/05/07, 31.42, 31.525, 31.225, 31.525, 14621992
12/04/07, 30.975, 31.47, 30.755, 31.375, 16878474
12/03/07, 31.05, 31.50, 30.98, 31.10, 17111976
11/30/07, 31.55, 31.55, 30.86, 31.05, 21683760
11/29/07, 31.455, 31.585, 31.3111, 31.395, 15031576
11/28/07, 31.61, 31.61, 31.245, 31.495, 25315420
11/27/07, 30.975, 31.655, 30.84, 31.49, 21047920
11/26/07, 31.175, 31.43, 30.80, 30.865, 16760686
11/23/07, 31.27, 31.375, 30.96, 31.15, 9446116
11/21/07, 31.395, 31.7225, 31.07, 31.125, 18076918
11/20/07, 31.26, 31.55, 31.05, 31.395, 20511780
11/19/07, 31.25, 31.28, 31.005, 31.15, 16892148
11/16/07, 31.12, 31.36, 30.85, 31.31, 21453940
11/15/07, 30.495, 31.205, 30.495, 30.975, 19511632
11/14/07, 30.65, 30.875, 30.375, 30.68, 16542628
11/13/07, 30.12, 30.60, 29.825, 30.52, 15326700
11/12/07, 30.32, 30.43, 29.90, 29.93, 16680124
11/09/07, 30.75, 30.875, 30.315, 30.415, 18185938
11/08/07, 30.36, 30.82, 29.95, 30.735, 26091080
11/07/07, 30.45, 30.50, 29.965, 29.98, 14486618
11/06/07, 30.195, 30.545, 30.125, 30.505, 15285430
11/05/07, 30.25, 30.365, 29.96, 30.17, 17747016
11/02/07, 30.57, 30.575, 30.005, 30.255, 17152464
11/01/07, 30.815, 31.00, 30.41, 30.45, 20035400
10/31/07, 30.995, 31.03, 30.565, 30.88, 16640000
10/30/07, 30.915, 31.075, 30.675, 30.865, 13738200
10/29/07, 30.75, 31.015, 30.645, 30.92, 16838738
10/26/07, 30.67, 30.795, 30.44, 30.785, 15889602
10/25/07, 30.115, 30.73, 30.045, 30.65, 19553800
10/24/07, 29.75, 30.10, 29.68, 30.09, 18633128
10/23/07, 29.655, 29.89, 29.625, 29.875, 11619400
10/22/07, 29.27, 29.70, 29.195, 29.625, 18253800
10/19/07, 29.765, 29.875, 29.345, 29.38, 24173600
10/18/07, 29.52, 29.825, 29.385, 29.68, 20678580
10/17/07, 29.175, 29.715, 29.03, 29.545, 32814460
10/16/07, 28.835, 29.05, 28.715, 28.88, 14195052
10/15/07, 29.045, 29.115, 28.58, 28.82, 13800000
10/12/07, 28.60, 28.965, 28.575, 28.90, 10370644
10/11/07, 29.00, 29.09, 28.46, 28.595, 12910000
10/10/07, 28.995, 29.10, 28.89, 28.935, 13236398
10/09/07, 28.80, 28.94, 28.65, 28.94, 16272000
10/08/07, 28.98, 29.065, 28.845, 28.90, 6021600
10/05/07, 28.985, 29.14, 28.915, 29.035, 10846800
10/04/07, 28.825, 29.065, 28.785, 28.935, 11534600
10/03/07, 28.875, 29.015, 28.685, 28.785, 12628380
10/02/07, 29.00, 29.08, 28.82, 28.96, 17514200
10/01/07, 28.805, 29.165, 28.78, 28.95, 20731620
09/28/07, 28.65, 28.89, 28.515, 28.735, 13055914
09/27/07, 28.655, 28.795, 28.565, 28.665, 11251200
09/26/07, 28.585, 28.84, 28.455, 28.675, 14767200
09/25/07, 28.345, 28.635, 28.27, 28.51, 15177850
09/24/07, 28.255, 28.69, 28.255, 28.35, 20872640
09/21/07, 28.19, 28.43, 28.155, 28.275, 21946800
09/20/07, 28.28, 28.325, 28.08, 28.155, 12575800
09/19/07, 28.25, 28.38, 27.94, 28.31, 17144096
09/18/07, 27.705, 28.215, 27.705, 28.2029, 19861000
09/17/07, 28.00, 28.05, 27.52, 27.64, 21018800
09/14/07, 27.86, 28.28, 27.83, 28.20, 15445200
09/13/07, 27.975, 28.10, 27.81, 27.935, 14353000
09/12/07, 27.80, 28.18, 27.64, 27.92, 18438000
09/11/07, 27.355, 27.97, 27.35, 27.83, 23832600
09/10/07, 27.30, 27.51, 27.145, 27.285, 20346600
09/07/07, 27.295, 27.50, 27.055, 27.295, 23942600
09/06/07, 26.775, 27.52, 26.60, 27.33, 18934800
09/05/07, 27.065, 27.1755, 26.68, 26.845, 18938600
09/04/07, 26.835, 27.22, 26.835, 27.185, 11455722
08/31/07, 26.885, 26.99, 26.695, 26.89, 15046200
08/30/07, 26.61, 26.82, 26.565, 26.70, 13920400
08/29/07, 26.74, 26.85, 26.54, 26.755, 15922800
08/28/07, 27.00, 27.00, 26.59, 26.63, 15705800
08/27/07, 26.99, 27.075, 26.85, 27.005, 9988278
08/24/07, 26.825, 27.365, 26.825, 27.00, 13493200
08/23/07, 26.94, 27.085, 26.81, 26.99, 13929834
08/22/07, 27.185, 27.25, 26.89, 26.975, 15234800
08/21/07, 27.20, 27.425, 26.99, 27.015, 14181600
08/20/07, 27.19, 27.44, 27.075, 27.26, 15895800
08/17/07, 27.465, 28.425, 26.58, 27.225, 28468600
08/16/07, 26.75, 27.145, 26.415, 26.79, 28940800
08/15/07, 27.08, 27.335, 26.805, 26.915, 13760062
08/14/07, 27.39, 27.425, 26.90, 27.07, 26200400
08/13/07, 27.495, 27.55, 27.105, 27.26, 19106400
08/10/07, 27.70, 28.065, 27.05, 27.49, 29692400
08/09/07, 27.405, 28.355, 27.405, 27.925, 34243398
08/08/07, 27.195, 27.94, 27.19, 27.93, 25070000
08/07/07, 26.975, 27.395, 26.855, 27.23, 22657200
08/06/07, 26.575, 27.125, 26.575, 27.115, 23334400
08/03/07, 26.91, 27.125, 26.62, 26.64, 21996500
08/02/07, 26.58, 26.90, 26.58, 26.83, 19594200
08/01/07, 26.18, 26.74, 26.09, 26.635, 24742800
07/31/07, 26.37, 26.435, 26.02, 26.055, 19887000
07/30/07, 26.53, 26.925, 25.895, 26.195, 19912000
07/27/07, 26.46, 26.545, 26.11, 26.14, 24074400
07/26/07, 26.575, 27.11, 26.28, 26.49, 29326160
07/25/07, 26.735, 27.10, 26.59, 27.025, 25611600
07/24/07, 26.485, 26.90, 26.48, 26.61, 18704400
07/23/07, 26.665, 26.875, 26.575, 26.82, 14063800
07/20/07, 26.87, 26.95, 26.545, 26.605, 22396600
07/19/07, 26.95, 26.97, 26.715, 26.85, 14462298
07/18/07, 26.655, 26.79, 26.535, 26.715, 28491200
07/17/07, 27.165, 27.19, 26.405, 26.585, 32959820
07/16/07, 26.70, 27.245, 26.68, 26.925, 33494200
07/13/07, 26.315, 26.63, 26.245, 26.555, 16591190
07/12/07, 26.075, 26.325, 26.025, 26.315, 23446060
07/11/07, 26.005, 26.135, 25.90, 26.045, 12185400
07/10/07, 26.47, 26.47, 26.035, 26.05, 14505060
07/09/07, 26.365, 26.50, 26.285, 26.35, 19237764
07/06/07, 26.275, 26.325, 26.15, 26.30, 12349530
07/05/07, 26.45, 26.50, 26.2375, 26.335, 10865400
07/03/07, 26.405, 26.49, 26.25, 26.45, 8382912
07/02/07, 26.325, 26.495, 26.16, 26.28, 18294428
06/29/07, 26.42, 26.475, 25.975, 26.155, 19029068
06/28/07, 26.16, 26.46, 26.11, 26.315, 16066380
06/27/07, 25.875, 26.26, 25.875, 26.22, 18175490
06/26/07, 25.95, 26.17, 25.81, 25.975, 22278700
06/25/07, 25.835, 26.02, 25.75, 25.885, 21450580
06/22/07, 26.025, 26.13, 25.72, 25.81, 30157380
06/21/07, 25.70, 26.075, 25.68, 26.045, 18870356
06/20/07, 25.77, 26.04, 25.66, 25.745, 19981486
06/19/07, 25.79, 25.84, 25.555, 25.695, 21341360
06/18/07, 25.79, 26.005, 25.765, 25.88, 11100978
06/15/07, 25.795, 26.07, 25.68, 25.79, 26360360
06/14/07, 25.68, 25.845, 25.535, 25.655, 17990528
06/13/07, 25.585, 25.75, 25.53, 25.68, 20020680
06/12/07, 25.67, 25.885, 25.53, 25.57, 22790300
06/11/07, 25.835, 25.925, 25.66, 25.815, 21803340
06/08/07, 25.625, 25.86, 25.515, 25.835, 13355982
06/07/07, 25.995, 26.04, 25.63, 25.69, 18724420
06/06/07, 26.125, 26.16, 25.92, 26.00, 11280636
06/05/07, 26.235, 26.325, 26.05, 26.16, 19282590
06/04/07, 26.38, 26.40, 26.105, 26.335, 20438700
06/01/07, 26.505, 26.565, 26.215, 26.40, 17000080
05/31/07, 26.48, 26.73, 26.44, 26.495, 21415060
05/30/07, 26.185, 26.525, 25.96, 26.525, 29265120
05/29/07, 26.015, 26.175, 25.955, 26.09, 16716270
05/25/07, 25.78, 26.09, 25.745, 25.945, 18502396
05/24/07, 25.635, 25.875, 25.575, 25.62, 17765574
05/23/07, 25.82, 25.885, 25.62, 25.665, 15167588
05/22/07, 25.975, 25.985, 25.71, 25.74, 19057034
05/21/07, 26.315, 26.41, 25.875, 25.955, 26350200
05/18/07, 26.18, 26.325, 26.045, 26.315, 25748560
05/17/07, 26.49, 26.495, 26.05, 26.10, 19083600
05/16/07, 26.25, 26.395, 26.065, 26.37, 16792044
05/15/07, 26.15, 26.395, 26.08, 26.23, 31652760
05/14/07, 26.27, 26.48, 26.25, 26.30, 13295784
05/11/07, 26.225, 26.365, 26.085, 26.345, 12961198
05/10/07, 26.475, 26.52, 26.215, 26.24, 14908280
05/09/07, 26.545, 26.70, 26.425, 26.555, 11233240
05/08/07, 26.68, 26.76, 26.46, 26.535, 15197390
05/07/07, 26.605, 26.825, 26.575, 26.805, 14151772
05/04/07, 26.50, 26.66, 26.475, 26.605, 18066954
05/03/07, 26.40, 26.50, 26.295, 26.455, 16276470
05/02/07, 26.30, 26.465, 26.25, 26.355, 17472992
05/01/07, 26.095, 26.32, 26.065, 26.315, 20552140
04/30/07, 25.96, 26.175, 25.925, 26.095, 23485880
04/27/07, 25.925, 26.06, 25.875, 26.03, 13926068
04/26/07, 25.995, 26.115, 25.925, 26.04, 15173458
04/25/07, 25.995, 26.03, 25.745, 25.87, 21349660
04/24/07, 25.99, 25.99, 25.685, 25.855, 16117350
04/23/07, 26.045, 26.10, 25.795, 25.825, 14465642
04/20/07, 26.025, 26.075, 25.81, 26.045, 21200900
04/19/07, 25.68, 25.95, 25.655, 25.875, 18696038
04/18/07, 25.795, 25.87, 25.675, 25.83, 22955500
04/17/07, 25.525, 26.09, 25.38, 25.785, 50341520
04/16/07, 25.005, 25.22, 24.965, 25.135, 20130020
04/13/07, 25.145, 25.145, 24.745, 24.94, 13829604
04/12/07, 24.825, 24.975, 24.325, 24.835, 15512350
04/11/07, 25.04, 25.10, 24.80, 24.82, 24482860
04/10/07, 24.89, 25.155, 24.825, 25.04, 26316940
04/09/07, 24.80, 24.975, 24.715, 24.815, 14632800
04/05/07, 24.67, 24.885, 24.65, 24.76, 17959200
04/04/07, 24.505, 24.82, 24.47, 24.73, 22206280
04/03/07, 24.265, 24.575, 24.265, 24.495, 19033200
04/02/07, 24.10, 24.33, 24.025, 24.26, 22443400
03/30/07, 24.13, 24.25, 23.80, 24.00, 17937600
03/29/07, 23.805, 24.20, 23.425, 24.055, 18944344
03/28/07, 23.895, 24.15, 23.795, 23.955, 22657800
03/27/07, 24.00, 24.085, 23.925, 24.01, 13232800
03/26/07, 23.975, 24.095, 23.84, 24.075, 14385200
03/23/07, 24.065, 24.135, 23.985, 24.025, 16012048
03/22/07, 23.955, 24.22, 23.955, 24.125, 16486800
03/21/07, 23.85, 24.175, 23.685, 24.13, 24360920
03/20/07, 23.71, 23.875, 23.62, 23.81, 14456000
03/19/07, 23.67, 23.75, 23.52, 23.665, 15513082
03/16/07, 23.625, 23.655, 23.41, 23.605, 28231460
03/15/07, 23.475, 23.565, 23.34, 23.54, 19059000
03/14/07, 23.625, 23.67, 23.295, 23.52, 32553400
03/13/07, 23.675, 23.935, 23.48, 23.53, 32198000
03/12/07, 23.785, 23.995, 23.735, 23.975, 26009000
03/09/07, 23.615, 23.835, 23.575, 23.785, 26124200
03/08/07, 23.45, 23.68, 23.445, 23.575, 17422400
03/07/07, 23.38, 23.50, 23.33, 23.375, 26321800
03/06/07, 23.345, 23.53, 23.275, 23.465, 25097800
03/05/07, 22.95, 23.355, 22.885, 23.145, 29167480
03/02/07, 23.225, 23.465, 22.905, 22.945, 34050200
03/01/07, 23.21, 23.465, 23.135, 23.26, 27341780
02/28/07, 23.375, 23.45, 23.16, 23.34, 27629200
02/27/07, 23.735, 23.92, 22.78, 23.195, 29964800
02/26/07, 23.85, 23.95, 23.79, 23.86, 18708938
02/23/07, 23.835, 23.965, 23.59, 23.63, 29516200
02/22/07, 23.845, 23.87, 23.61, 23.65, 16721000
02/21/07, 23.775, 23.89, 23.76, 23.785, 16489600
02/20/07, 23.76, 23.94, 23.75, 23.89, 17828800
02/16/07, 24.00, 24.05, 23.88, 23.935, 17492200
02/15/07, 23.995, 24.05, 23.79, 23.925, 19195000
02/14/07, 24.25, 24.275, 23.865, 23.94, 32846878
02/13/07, 24.05, 24.21, 24.045, 24.105, 19411918
02/12/07, 23.925, 24.185, 23.90, 23.96, 13893970
02/09/07, 23.86, 23.995, 23.82, 23.88, 9828400
02/08/07, 23.975, 24.025, 23.825, 23.93, 9076600
02/07/07, 24.015, 24.065, 23.93, 24.015, 9242400
02/06/07, 24.00, 24.08, 23.93, 24.025, 11168800
02/05/07, 24.055, 24.12, 23.92, 23.95, 9192800
02/02/07, 24.05, 24.205, 24.02, 24.12, 10703600
02/01/07, 23.995, 24.135, 23.925, 24.05, 10398600
01/31/07, 23.90, 23.985, 23.745, 23.94, 10604400
01/30/07, 23.915, 23.975, 23.82, 23.905, 8986000
01/29/07, 23.88, 23.96, 23.78, 23.855, 10077800
01/26/07, 24.00, 24.05, 23.90, 23.915, 14459000
01/25/07, 24.035, 24.11, 23.95, 23.97, 11596600
01/24/07, 24.095, 24.10, 23.97, 24.065, 8641600
01/23/07, 24.075, 24.115, 23.97, 24.06, 12149000
01/22/07, 24.055, 24.175, 23.995, 24.015, 12198800
01/19/07, 24.205, 24.215, 24.035, 24.13, 13008200
01/18/07, 24.21, 24.50, 24.10, 24.175, 15223000
01/17/07, 24.265, 24.43, 24.24, 24.30, 14400200
01/16/07, 24.24, 24.345, 24.17, 24.25, 12685200
01/12/07, 24.30, 24.335, 24.125, 24.275, 13667200
01/11/07, 24.375, 24.435, 24.30, 24.37, 11009600
01/10/07, 24.245, 24.395, 24.185, 24.34, 8928000
01/09/07, 24.27, 24.415, 24.23, 24.305, 13724000
01/08/07, 24.005, 24.335, 24.005, 24.285, 17550600
01/05/07, 24.25, 24.285, 24.085, 24.13, 11607000
01/04/07, 24.21, 24.35, 24.125, 24.30, 11810400
01/03/07, 24.18, 24.44, 24.14, 24.29, 15753400